rain_1h,rain_3h,rain_24h,soil_moisture,elevation,slope,hist_count,hist_fatalities,label
3.6,7.9,29.8,0.274,1457.9,29.2,0,0,0
11.1,15.4,55.5,0.471,2966.4,46.2,9,0,1
13.7,30.7,187.3,0.457,1474.0,19.7,10,0,1
1.5,14.0,35.4,0.214,1161.9,20.9,0,0,0
2.4,14.1,56.2,0.291,1086.5,34.3,0,0,0
0.8,3.1,15.1,0.236,132.6,3.6,0,0,0
1.0,4.7,46.1,0.224,696.8,41.5,1,0,0
3.1,7.3,37.4,0.278,1748.0,21.2,4,0,0
31.8,43.6,143.1,0.571,440.1,35.2,4,0,1
31.0,62.8,128.5,0.418,108.8,13.8,0,0,0
2.3,6.9,32.3,0.186,2320.7,22.4,2,0,0
30.0,65.3,126.9,0.429,251.7,9.1,0,0,0
17.4,61.4,121.4,0.402,875.1,29.8,22,1,1
0.5,1.7,6.2,0.264,94.8,4.5,0,0,0
9.9,21.1,72.9,0.389,2851.5,28.7,5,1,1
15.9,31.7,191.7,0.42,1522.2,36.7,24,0,1
24.9,48.5,195.4,0.462,510.9,27.8,8,0,1
11.3,48.7,213.5,0.465,1118.9,55.8,18,0,1
15.3,22.0,222.7,0.484,2462.5,30.7,6,2,1
1.6,5.6,27.4,0.196,1665.4,28.4,0,0,0
19.0,25.6,131.3,0.489,2728.6,41.3,5,0,0
6.5,17.2,73.4,0.308,972.0,24.5,1,0,0
14.1,33.4,134.9,0.462,1937.8,18.0,3,0,1
23.8,34.2,99.4,0.462,1350.6,45.2,20,0,1
23.1,65.8,114.5,0.418,642.7,41.8,3,0,1
1.6,3.2,16.0,0.31,204.4,9.0,0,0,0
7.6,26.2,68.4,0.335,780.2,32.1,0,0,0
0.2,0.9,27.9,0.199,140.4,4.0,0,0,0
3.2,17.2,52.7,0.274,991.7,32.9,4,0,0
0.2,1.0,4.2,0.239,193.3,10.4,0,0,0
1.9,5.5,17.3,0.142,183.1,6.9,0,0,0
24.9,35.1,171.3,0.56,2462.9,32.5,2,0,1
1.6,3.8,28.8,0.351,1593.0,27.3,4,0,0
19.5,52.8,172.2,0.429,2985.2,22.6,20,0,1
3.2,14.5,47.2,0.241,747.2,34.1,3,0,0
0.0,0.3,3.7,0.278,222.1,3.3,0,0,0
24.7,41.0,222.7,0.4,2172.9,29.0,12,0,1
16.8,21.5,79.9,0.542,867.6,53.2,4,0,0
11.6,40.7,130.4,0.487,304.1,7.2,1,0,0
0.6,2.0,8.4,0.308,158.9,2.5,0,0,0
33.1,69.4,150.2,0.44,313.7,5.8,0,0,0
8.1,12.9,54.5,0.57,2168.5,46.3,4,0,1
2.4,8.5,32.1,0.27,1642.7,41.6,1,0,0
45.6,69.8,136.3,0.46,1187.4,42.9,13,0,1
24.9,44.9,165.1,0.432,2338.6,41.6,19,0,1
11.6,34.5,98.8,0.54,226.1,5.3,1,0,0
30.3,65.5,239.0,0.562,2203.0,53.9,17,0,1
2.9,18.0,52.8,0.269,1491.1,26.9,3,0,0
26.6,35.9,129.5,0.494,3172.7,26.4,3,0,0
11.5,17.3,58.8,0.513,1636.9,45.8,20,0,1
20.9,48.0,140.5,0.517,2943.3,38.0,7,0,1
27.3,76.4,178.6,0.478,189.5,1.6,0,0,0
19.9,65.8,172.2,0.492,990.9,56.9,10,0,1
5.6,21.9,55.7,0.232,1025.1,29.1,3,0,0
26.4,39.5,84.7,0.505,2129.6,52.7,6,0,1
4.8,12.9,53.4,0.185,1073.8,40.2,4,0,0
23.8,34.7,162.2,0.388,3097.8,41.6,10,0,1
28.4,63.4,138.2,0.507,190.6,13.2,2,0,0
0.3,1.4,8.8,0.14,104.1,3.8,0,0,0
24.0,56.2,131.5,0.541,2937.4,51.5,19,0,1
1.9,4.0,13.3,0.164,108.5,5.2,0,0,0
24.8,89.2,177.6,0.538,57.5,4.6,0,0,0
0.0,0.0,25.1,0.156,282.0,11.0,0,0,0
42.5,96.2,192.3,0.424,230.4,10.6,2,0,0
19.9,74.9,157.3,0.51,298.8,4.2,2,0,0
0.3,6.0,26.1,0.185,101.0,7.6,0,0,0
35.9,73.2,152.2,0.568,2478.6,24.2,15,0,0
13.2,27.3,112.3,0.544,1706.2,51.8,17,0,1
19.2,44.6,198.7,0.458,1609.6,33.9,2,0,1
21.4,72.1,190.1,0.482,192.6,7.6,2,0,0
10.9,31.4,89.1,0.563,2414.9,22.9,25,0,1
17.1,38.5,95.6,0.498,47.0,3.9,1,0,0
1.5,9.0,41.7,0.335,1595.3,26.7,1,0,0
16.0,42.4,75.9,0.524,3019.1,50.2,20,0,1
34.3,63.8,144.3,0.453,108.5,9.5,1,0,0
25.4,55.3,105.0,0.515,1263.9,30.1,5,2,1
0.2,0.8,3.8,0.278,105.5,6.6,0,0,0
4.8,11.3,42.7,0.184,1970.3,25.1,3,0,0
22.2,54.5,154.3,0.433,294.6,1.3,1,0,0
18.6,56.7,200.1,0.558,157.2,9.4,1,0,0
0.5,6.0,23.6,0.145,61.4,1.9,0,0,0
10.6,27.1,66.9,0.282,991.9,22.6,1,0,0
30.3,63.5,124.7,0.443,572.9,42.2,7,2,1
0.1,0.9,13.6,0.279,123.2,10.6,0,0,0
7.4,28.4,66.9,0.278,659.4,41.2,4,0,0
12.5,32.0,119.0,0.543,145.4,9.9,1,0,0
1.6,8.2,24.7,0.348,1407.4,29.0,0,0,0
5.1,10.2,34.1,0.21,2173.5,37.0,2,0,0
19.1,26.3,195.7,0.572,3131.1,33.8,16,0,1
2.4,9.4,26.7,0.299,218.3,10.7,0,0,0
28.5,95.6,175.9,0.437,338.3,9.5,1,0,0
19.4,37.2,179.8,0.562,639.4,23.6,24,2,1
19.5,44.4,233.9,0.453,3006.4,26.0,18,0,1
14.7,23.7,95.2,0.393,2734.6,38.0,18,0,1
33.1,66.3,112.4,0.557,2515.7,23.3,14,0,1
0.8,3.9,28.3,0.236,252.1,1.7,0,0,0
1.0,2.2,10.5,0.268,260.6,1.1,0,0,0
2.2,10.1,36.7,0.325,1696.9,29.4,0,0,0
0.9,2.5,13.8,0.254,84.5,3.9,0,0,0
7.0,18.7,57.8,0.2,1245.8,32.4,3,0,0
5.3,12.9,64.5,0.292,1959.1,25.4,1,0,0
39.6,94.9,184.1,0.562,374.3,30.0,12,0,1
0.9,3.2,9.3,0.286,247.5,0.9,0,0,0
0.8,2.5,22.9,0.211,117.4,4.2,0,0,0
0.2,0.7,12.4,0.159,289.6,7.2,0,0,0
32.2,80.0,226.7,0.529,2293.2,19.2,16,0,1
2.4,11.1,43.3,0.335,877.7,29.3,3,0,0
2.7,8.2,21.5,0.234,122.2,7.2,0,0,0
6.8,20.9,47.8,0.359,676.6,23.7,0,0,0
2.0,8.5,26.9,0.28,66.7,7.9,0,0,0
16.8,29.6,76.9,0.417,389.9,24.5,3,1,1
12.0,28.5,81.9,0.407,2604.5,43.3,13,0,0
20.4,37.6,141.9,0.503,1601.5,44.3,4,0,1
9.2,28.2,165.4,0.402,678.3,53.8,19,0,1
27.1,94.3,182.1,0.529,61.6,8.8,2,0,0
25.7,38.9,141.4,0.519,1125.0,26.0,13,0,1
5.6,17.9,40.4,0.341,1975.8,30.3,4,0,0
13.7,26.9,121.2,0.447,897.6,44.8,8,2,1
0.0,0.1,6.9,0.255,90.1,2.6,0,0,0
27.2,62.0,125.2,0.381,962.2,29.1,23,0,1
8.5,22.2,59.1,0.556,1351.0,33.0,16,0,1
2.7,8.1,22.5,0.265,195.7,5.5,0,0,0
0.0,0.9,27.6,0.163,229.9,2.6,0,0,0
21.9,53.6,143.7,0.517,234.9,8.2,0,0,0
9.5,20.6,67.3,0.182,1311.7,32.6,4,0,0
29.9,63.1,153.0,0.549,2735.6,23.2,17,0,1
21.1,34.4,230.7,0.498,2516.6,41.9,4,0,1
1.1,4.9,22.5,0.237,233.8,6.0,0,0,0
0.3,0.6,5.2,0.28,157.0,10.6,0,0,0
0.3,2.4,18.3,0.247,215.0,5.6,0,0,0
15.1,59.9,145.7,0.465,99.6,10.4,0,0,0
30.8,70.1,154.3,0.393,1391.5,43.7,18,0,1
1.4,8.9,57.9,0.22,1404.1,40.3,2,0,0
0.4,3.4,22.4,0.174,276.1,10.1,0,0,0
28.5,77.5,201.5,0.477,151.1,6.6,1,0,0
22.1,42.2,134.4,0.442,2654.6,36.8,7,0,1
1.1,4.5,26.3,0.26,240.1,1.2,0,0,0
0.9,2.5,29.1,0.151,288.1,11.1,0,0,0
36.4,80.2,220.9,0.516,2405.7,44.2,10,0,1
1.4,10.5,27.5,0.205,256.5,2.9,0,0,0
10.6,41.7,131.7,0.412,2892.7,19.5,11,0,1
3.7,9.2,42.6,0.224,1640.0,29.1,0,0,0
3.3,6.7,63.7,0.34,931.9,28.7,3,0,0
6.6,21.8,75.2,0.543,3166.2,34.9,5,0,1
24.5,56.9,110.1,0.578,3038.5,52.3,21,0,1
27.7,64.2,107.9,0.409,477.9,50.7,7,0,1
26.3,38.9,113.2,0.413,471.9,38.3,21,0,1
14.8,30.4,197.1,0.426,2581.9,56.0,4,0,1
12.1,23.3,59.8,0.547,1185.2,27.8,8,0,1
23.3,42.5,111.6,0.459,158.0,12.2,0,0,0
5.8,17.3,63.9,0.562,1511.8,36.0,13,0,0
6.6,11.3,50.6,0.532,450.3,39.8,1,0,1
1.8,3.7,26.8,0.129,113.6,6.9,0,0,0
9.1,20.8,57.4,0.307,2115.8,33.2,0,0,0
44.7,67.4,120.1,0.432,2587.1,22.4,10,0,1
15.0,65.8,169.4,0.529,1644.9,20.8,25,1,1
24.8,55.7,105.2,0.505,129.7,2.6,2,0,0
0.1,3.5,12.6,0.199,133.5,7.5,0,0,0
26.9,75.0,192.5,0.447,1573.6,39.0,9,0,1
11.5,24.6,138.5,0.517,513.9,52.1,8,0,1
34.0,73.7,155.3,0.428,73.4,7.3,0,0,0
45.5,77.7,186.8,0.546,283.1,8.7,1,0,0
15.6,21.6,155.4,0.384,2280.7,33.2,4,0,1
15.3,24.1,103.5,0.563,2805.2,53.8,1,0,1
20.1,69.1,189.7,0.531,534.3,20.5,12,1,1
0.0,0.7,3.3,0.295,155.6,0.7,0,0,0
19.6,47.4,162.9,0.418,3121.2,25.7,11,0,1
22.4,40.0,105.8,0.428,171.5,7.7,2,0,0
0.1,1.2,23.3,0.187,61.8,3.4,0,0,0
21.0,67.6,133.7,0.434,2026.5,30.0,3,0,1
5.7,12.3,48.5,0.263,851.4,30.3,1,0,0
23.9,44.3,152.5,0.497,2506.1,34.3,6,0,1
8.6,22.3,73.6,0.299,749.5,20.5,2,0,0
15.8,23.4,110.5,0.385,2589.0,41.5,24,0,1
17.8,51.0,142.3,0.507,170.6,10.9,1,0,0
0.2,2.6,18.7,0.275,94.0,8.8,0,0,0
19.3,39.6,109.5,0.414,261.4,10.7,0,0,0
34.2,71.3,149.3,0.415,2919.6,42.0,18,0,1
3.6,8.0,22.4,0.196,1739.9,25.9,0,0,0
27.4,43.5,226.4,0.543,789.0,36.9,1,0,1
19.9,35.4,154.5,0.484,2590.8,24.4,18,0,1
22.7,33.8,91.6,0.474,1906.4,57.1,13,0,1
10.7,30.4,58.1,0.568,2900.8,27.9,11,0,1
10.9,16.2,57.6,0.454,1804.1,18.5,17,0,1
12.1,26.7,85.7,0.51,769.8,53.0,24,0,0
1.5,5.1,22.5,0.297,245.0,5.7,0,0,0
7.8,25.7,63.3,0.292,1349.8,26.6,2,0,0
15.9,78.3,213.7,0.469,2621.0,57.1,3,0,1
8.7,22.8,132.9,0.432,2640.1,44.3,6,0,0
13.5,37.6,163.1,0.429,2044.4,42.8,14,0,1
5.1,15.1,37.2,0.204,701.6,23.1,3,0,0
17.1,60.9,187.7,0.43,1163.3,35.9,21,0,1
17.2,23.0,117.9,0.388,2011.2,57.5,20,0,1
10.8,23.7,56.1,0.187,1553.3,38.3,3,0,0
13.8,23.1,90.9,0.526,1552.7,40.0,9,0,1
2.9,10.2,29.7,0.263,216.3,8.4,0,0,0
45.7,73.4,230.3,0.474,737.9,55.5,1,0,1
29.2,57.3,107.4,0.512,230.3,8.6,0,0,0
28.3,75.9,234.4,0.413,352.4,23.9,6,0,1
12.0,39.9,105.1,0.459,2980.7,55.2,21,0,1
17.6,22.4,66.3,0.491,2746.3,50.7,14,2,1
0.9,7.8,28.1,0.146,229.2,6.2,0,0,0
23.1,83.0,195.3,0.442,239.2,5.7,1,0,0
0.4,4.6,19.5,0.167,192.0,1.7,0,0,0
20.0,63.5,172.5,0.471,285.8,3.9,1,0,0
1.0,7.9,24.5,0.136,258.6,10.3,0,0,0
7.4,16.1,47.3,0.264,2021.4,27.9,1,0,0
1.2,3.9,38.3,0.314,1726.7,24.5,2,0,0
2.5,5.8,30.4,0.182,1253.4,27.1,1,0,0
34.7,56.4,114.2,0.437,1637.8,39.8,15,2,1
0.0,0.1,1.5,0.206,221.9,3.0,0,0,0
1.6,7.1,21.1,0.23,282.7,8.6,0,0,0
29.7,71.1,164.9,0.462,1906.6,32.7,2,0,1
13.3,37.6,105.4,0.483,143.2,3.9,2,0,0
20.6,55.0,144.8,0.505,2243.3,30.1,10,0,1
10.0,25.2,94.6,0.446,2229.4,45.7,5,0,1
0.1,1.0,8.4,0.145,74.3,4.2,0,0,0
1.4,9.7,22.0,0.272,1501.1,30.6,2,0,0
22.3,37.7,101.6,0.494,45.2,9.3,0,0,0
11.3,32.4,146.5,0.526,1554.4,29.8,13,0,1
0.3,0.7,18.8,0.302,99.6,2.8,0,0,0
0.1,2.2,9.4,0.216,118.6,5.7,0,0,0
22.7,40.1,68.2,0.422,2144.1,26.5,22,0,1
11.1,33.1,133.4,0.429,2918.1,36.7,17,1,1
15.1,22.4,79.6,0.382,2723.1,45.2,15,0,1
20.8,54.7,231.3,0.477,622.7,51.8,8,0,1
0.9,3.2,19.4,0.225,103.9,2.4,0,0,0
41.3,72.3,199.8,0.461,912.3,30.1,2,0,1
14.6,35.7,135.6,0.528,202.1,1.1,2,0,0
1.7,4.1,22.8,0.139,229.4,7.5,0,0,0
23.3,36.6,72.3,0.464,1472.2,47.8,12,0,1
15.3,65.1,204.9,0.487,1991.8,28.8,13,0,1
38.2,48.7,84.0,0.477,1372.6,26.8,16,0,1
0.3,0.7,2.1,0.217,144.5,11.9,0,0,0
24.5,54.3,232.8,0.551,654.0,33.3,12,0,1
16.4,60.0,128.2,0.52,1440.2,19.5,16,0,1
26.5,55.5,221.8,0.504,879.9,23.5,2,0,1
23.8,74.4,204.2,0.565,2143.4,35.6,4,0,1
27.4,60.3,178.9,0.438,1734.9,48.4,8,0,1
11.8,63.2,134.8,0.468,1888.3,48.2,25,0,1
29.0,59.3,161.6,0.51,2831.7,37.3,16,1,0
28.2,62.2,171.1,0.448,2702.1,50.7,15,0,1
26.5,37.9,178.8,0.575,1993.8,19.8,3,2,1
14.9,79.5,226.2,0.42,745.8,49.6,1,0,1
9.2,28.2,58.0,0.462,2789.7,40.3,20,0,1
31.5,50.3,129.6,0.445,416.2,49.4,5,0,1
31.5,68.9,150.7,0.493,221.4,6.1,0,0,0
11.2,24.4,210.6,0.407,815.4,28.9,14,0,1
16.1,41.7,167.9,0.574,2654.1,23.0,14,0,1
9.1,21.6,55.1,0.552,1885.0,21.4,25,0,1
2.5,14.9,61.9,0.348,1817.1,39.4,3,0,0
25.4,77.4,175.5,0.535,113.6,8.3,2,0,0
10.5,27.5,194.5,0.386,1274.5,20.2,12,0,1
16.3,52.4,201.2,0.507,2326.4,18.4,11,0,1
43.0,98.3,206.4,0.441,192.2,8.2,2,0,0
11.8,38.1,118.6,0.391,1182.6,55.8,21,1,1
0.1,5.3,19.5,0.219,210.7,2.4,0,0,0
1.7,6.3,47.3,0.242,1392.1,21.4,1,0,0
6.9,15.1,53.3,0.182,1810.8,27.3,2,0,0
2.1,4.9,29.1,0.249,185.3,3.9,0,0,0
2.7,7.3,26.5,0.214,144.5,7.5,0,0,0
0.0,0.0,0.1,0.133,246.1,1.0,0,0,0
0.2,2.5,11.2,0.192,67.7,1.2,0,0,0
8.4,25.5,180.1,0.477,931.5,42.3,11,1,1
30.4,60.6,178.7,0.572,3038.4,32.2,20,0,1
2.6,5.8,37.9,0.335,1068.0,36.9,4,0,0
11.3,29.5,69.4,0.421,1380.7,47.1,23,0,1
0.0,1.0,3.8,0.127,102.0,1.1,0,0,0
25.5,43.3,197.8,0.495,2937.9,33.0,23,0,1
0.5,1.3,28.8,0.286,241.7,6.7,0,0,0
6.3,26.7,69.8,0.355,804.3,39.5,1,0,0
33.9,70.6,182.7,0.575,597.5,29.0,13,0,1
12.6,29.7,138.8,0.46,2393.3,37.1,14,0,1
18.0,37.1,139.8,0.409,2445.3,31.9,6,0,1
8.5,16.7,54.5,0.44,451.5,22.5,24,0,1
21.8,62.5,182.9,0.501,86.1,1.0,1,0,0
12.2,29.2,122.5,0.512,380.2,33.4,14,1,1
20.7,55.9,164.5,0.505,337.4,2.2,0,0,0
18.9,29.7,124.2,0.559,1785.2,38.1,25,0,1
17.9,41.5,96.6,0.438,412.3,48.9,3,1,1
24.5,72.2,146.7,0.482,200.3,11.6,2,0,0
13.2,34.0,83.7,0.455,1571.2,40.3,5,0,1
10.1,28.1,104.1,0.557,3058.1,40.2,16,0,1
4.0,21.7,65.8,0.303,1560.3,22.2,0,0,0
11.3,25.2,57.4,0.329,1089.6,39.3,4,0,0
32.3,62.2,203.1,0.407,1042.1,26.1,21,0,1
1.2,2.5,25.1,0.319,806.0,21.2,4,0,0
14.8,36.0,171.5,0.515,2892.7,21.5,14,0,1
24.8,51.2,156.0,0.545,1107.6,19.6,3,0,1
14.3,32.6,170.3,0.538,375.5,19.7,23,0,1
8.3,20.7,66.4,0.209,1062.2,37.3,0,0,0
2.4,17.0,62.1,0.245,878.6,38.8,0,0,0
30.6,43.9,140.5,0.56,3101.6,49.3,19,2,1
19.5,70.0,209.5,0.388,1252.4,23.1,9,0,1
1.3,6.6,27.3,0.307,1637.2,40.3,2,0,0
25.6,33.3,187.3,0.574,839.8,55.8,8,1,1
7.8,22.2,205.9,0.402,714.5,41.9,1,0,1
5.1,11.7,57.8,0.207,767.0,25.7,4,0,0
5.9,16.4,37.5,0.267,1713.6,38.7,0,0,0
10.1,40.3,88.7,0.417,2937.2,42.9,24,0,1
0.0,0.2,1.7,0.131,285.4,2.5,0,0,0
0.5,2.1,12.1,0.264,88.5,5.2,0,0,0
3.1,7.7,26.2,0.234,156.4,7.2,0,0,0
3.5,14.0,45.3,0.255,1383.9,21.7,1,0,0
1.1,3.7,15.3,0.162,110.5,7.6,0,0,0
1.7,16.6,54.3,0.219,678.8,22.6,1,0,0
0.2,0.5,7.0,0.274,160.7,8.5,0,0,0
37.8,56.1,130.1,0.427,358.2,57.8,1,0,1
9.2,28.1,56.6,0.514,1071.0,33.4,21,2,1
0.0,0.4,2.7,0.263,187.7,2.6,0,0,0
10.9,34.2,218.2,0.579,1029.7,33.6,18,0,1
41.1,74.3,137.6,0.509,324.3,8.1,0,0,0
20.0,58.8,214.9,0.399,2845.2,31.4,2,1,1
3.1,13.9,63.9,0.292,2033.1,23.0,2,0,0
22.1,49.4,146.4,0.516,96.0,4.7,0,0,0
14.3,51.9,147.1,0.558,317.6,13.0,0,0,0
18.2,24.4,116.1,0.561,2659.2,41.6,25,0,1
40.0,67.6,138.0,0.418,216.3,7.1,1,0,0
2.1,4.7,26.9,0.28,114.9,10.2,0,0,0
26.1,42.7,164.9,0.512,1831.9,37.7,15,0,1
25.6,36.8,65.1,0.579,2104.4,39.6,8,0,0
4.7,10.2,26.5,0.27,242.0,2.5,0,0,0
14.4,28.6,109.6,0.564,2837.5,47.4,2,0,1
24.5,68.5,180.2,0.453,863.7,26.6,25,0,1
22.9,86.0,239.2,0.558,1956.9,24.6,10,0,1
17.6,33.2,213.3,0.391,1433.1,55.9,17,0,1
21.3,41.7,192.9,0.434,498.4,20.7,19,0,1
27.9,54.5,165.2,0.4,214.0,11.1,0,0,0
18.1,37.6,218.3,0.38,2057.6,33.9,3,0,1
1.0,7.3,28.8,0.294,237.2,9.4,0,0,0
1.7,9.3,66.8,0.276,976.3,32.7,1,0,0
9.9,21.9,66.2,0.198,1192.7,33.9,2,0,0
3.9,11.3,37.8,0.192,1592.0,24.9,0,0,0
30.1,46.0,179.5,0.578,2084.9,38.9,25,0,1
26.2,67.9,175.6,0.421,242.6,6.3,0,0,0
18.4,47.8,140.3,0.501,713.1,22.1,23,0,1
34.8,54.1,184.3,0.538,2131.4,44.4,7,0,1
6.9,20.4,184.1,0.547,1914.1,47.1,17,0,1
27.0,77.8,214.6,0.503,2847.4,54.8,7,0,1
12.7,29.0,103.6,0.488,152.1,4.1,0,0,0
25.0,51.5,170.5,0.46,131.6,3.9,2,0,0
29.7,48.5,157.4,0.445,2794.7,32.3,25,0,1
20.4,59.1,157.9,0.443,2632.3,46.0,24,0,1
0.0,1.4,20.6,0.121,284.1,9.1,0,0,0
10.1,23.8,232.0,0.471,2634.0,44.7,18,0,1
1.1,8.1,22.8,0.315,2117.8,41.2,2,0,0
19.4,25.6,125.4,0.53,1731.6,20.7,18,0,1
3.1,10.6,36.6,0.258,1741.3,38.2,1,0,0
3.1,7.4,20.8,0.276,106.4,3.1,0,0,0
29.5,51.1,127.8,0.531,740.2,25.4,13,0,1
16.2,56.4,103.8,0.397,1121.4,57.8,7,0,1
9.1,13.1,58.4,0.421,2647.4,47.5,14,0,1
27.0,54.5,139.3,0.494,318.8,11.4,0,0,0
44.9,71.7,221.4,0.462,379.1,50.9,13,0,1
21.2,65.8,231.2,0.432,960.3,47.3,25,0,1
9.3,26.9,89.0,0.474,267.2,1.1,1,0,0
1.0,3.2,16.0,0.296,84.4,3.5,0,0,0
39.1,58.0,150.6,0.393,1460.3,25.7,25,0,1
22.8,46.4,126.3,0.433,69.1,6.1,2,0,0
26.6,53.7,98.2,0.455,179.9,13.2,1,0,0
8.9,17.8,43.6,0.307,1918.5,37.7,3,0,0
26.1,45.9,195.1,0.573,1442.5,19.5,7,0,1
0.5,8.4,21.3,0.295,93.2,7.3,0,0,0
3.8,8.4,29.5,0.225,1694.4,25.4,2,0,0
38.6,56.4,196.1,0.401,557.8,40.9,9,0,0
17.9,52.1,109.8,0.432,132.0,10.6,0,0,0
33.7,48.5,239.0,0.527,353.5,55.2,23,0,1
22.5,80.2,226.0,0.49,387.0,28.1,20,1,1
14.6,38.2,127.0,0.405,453.8,20.9,12,0,1
23.9,65.2,232.0,0.412,3008.3,29.0,21,0,1
7.1,23.5,58.1,0.267,1319.6,36.3,2,0,0
4.3,20.9,55.4,0.308,2337.0,26.6,1,0,0
24.3,55.7,193.7,0.53,107.2,13.0,1,0,0
24.1,32.4,66.9,0.433,1061.2,20.7,9,0,1
0.1,0.2,1.9,0.226,249.0,1.8,0,0,0
19.8,30.6,93.9,0.572,1518.3,21.2,18,0,1
1.1,2.8,16.3,0.196,51.2,11.0,0,0,0
0.6,2.2,15.0,0.194,260.3,10.2,0,0,0
18.8,49.8,205.4,0.541,1564.7,50.5,24,0,1
21.6,27.8,125.4,0.557,1187.6,40.8,3,0,1
5.8,22.2,49.5,0.336,632.9,38.6,0,0,0
15.5,45.4,189.2,0.55,1601.5,34.6,25,0,1
19.9,27.7,50.6,0.385,700.2,39.2,23,0,1
40.4,72.7,192.9,0.444,2909.1,38.1,14,0,1
28.5,36.6,228.7,0.471,3168.2,32.9,23,0,1
13.0,22.5,121.5,0.441,2362.3,37.7,5,0,1
1.4,3.9,20.7,0.139,189.0,1.0,0,0,0
15.2,37.9,71.3,0.413,2785.3,35.7,22,0,1
0.2,2.0,23.1,0.184,239.4,8.6,0,0,0
1.3,7.2,19.1,0.168,142.7,5.9,0,0,0
21.7,28.5,51.7,0.54,887.7,37.0,16,0,1
0.3,1.6,12.9,0.25,134.6,2.2,0,0,0
11.9,32.5,130.1,0.576,2756.4,22.1,19,0,1
26.9,68.0,231.8,0.502,1503.6,54.3,3,0,1
9.4,22.5,62.5,0.36,799.7,23.7,0,0,0
19.5,40.7,144.8,0.525,3167.4,35.7,11,0,1
11.0,53.9,194.9,0.534,1624.2,37.1,4,0,1
38.2,56.7,127.0,0.521,2486.6,27.8,24,0,1
2.8,19.0,63.2,0.32,1044.4,33.2,4,0,0
0.0,0.2,1.9,0.136,135.8,4.8,0,0,0
12.8,72.5,239.2,0.576,921.9,33.7,21,0,1
26.8,41.4,226.0,0.537,2236.3,37.5,7,0,1
11.9,24.9,70.4,0.544,1630.8,53.6,17,0,1
4.4,14.1,39.1,0.296,820.4,38.3,2,0,0
4.9,14.1,71.9,0.327,2326.1,39.9,0,0,0
11.2,40.4,175.9,0.453,575.1,21.1,19,0,1
2.8,22.5,65.6,0.297,1609.9,36.8,0,0,0
5.0,12.3,54.9,0.295,1474.7,29.7,2,0,0
16.3,73.2,224.6,0.575,1836.3,57.1,5,0,1
35.9,59.3,133.3,0.556,2422.7,53.7,16,1,1
5.8,19.4,47.5,0.241,1058.4,29.6,0,0,0
0.2,1.3,25.8,0.129,119.5,5.5,0,0,0
0.0,0.5,12.7,0.249,279.0,3.9,0,0,0
4.8,10.3,35.4,0.285,912.0,23.5,1,0,0
23.8,87.7,177.0,0.418,283.1,11.9,0,0,0
8.4,14.8,73.4,0.441,2482.6,54.1,12,0,1
34.9,72.2,213.4,0.471,1558.8,50.8,13,0,1
10.9,23.7,51.4,0.411,2207.0,28.1,18,0,1
1.4,3.1,16.9,0.216,227.7,0.5,0,0,0
19.7,47.8,150.7,0.481,1945.8,33.6,12,0,1
6.4,17.0,66.0,0.579,2545.5,27.5,15,0,1
38.8,93.4,208.6,0.465,1430.9,27.2,15,0,1
24.7,35.5,68.7,0.49,843.8,53.3,9,0,1
0.1,0.3,24.9,0.318,212.8,8.7,0,0,0
30.3,39.3,77.1,0.39,1032.9,41.9,8,0,1
25.8,46.0,218.6,0.498,3061.0,51.5,5,0,1
21.4,51.0,132.7,0.531,210.2,1.5,2,0,0
5.3,24.7,56.1,0.25,689.1,35.3,1,0,0
14.0,35.2,92.3,0.405,3107.7,54.6,14,1,1
38.8,78.6,157.5,0.501,2521.6,38.2,15,0,1
6.1,15.4,40.7,0.359,1416.2,33.1,4,0,0
12.1,38.1,122.7,0.554,2397.1,56.4,21,0,1
0.6,1.6,6.9,0.283,92.7,0.8,0,0,0
1.7,5.9,45.9,0.327,1896.4,20.5,1,0,0
1.1,6.8,29.7,0.185,2329.6,36.3,0,0,0
0.1,0.2,2.5,0.255,197.6,9.6,0,0,0
24.2,64.6,137.1,0.565,455.1,23.7,21,0,1
26.1,55.0,134.2,0.482,291.3,2.8,0,0,0
12.5,39.3,87.6,0.466,1311.3,39.4,22,0,1
1.8,5.0,28.5,0.191,681.4,35.3,0,0,0
29.6,89.7,170.4,0.517,253.9,2.0,1,0,0
14.1,87.6,228.7,0.461,1093.1,45.4,11,0,1
26.8,33.8,65.0,0.44,1058.7,35.1,19,0,1
19.1,40.0,124.5,0.477,2412.6,35.3,6,0,1
0.8,3.4,20.1,0.307,52.7,10.3,0,0,0
14.4,53.4,141.2,0.509,583.6,29.2,5,1,1
0.1,0.7,3.2,0.132,96.7,11.4,0,0,0
14.7,42.2,88.0,0.532,193.6,2.5,2,0,0
28.3,37.0,170.6,0.488,3072.1,35.0,7,0,1
17.2,29.0,74.8,0.511,892.7,46.2,4,0,1
8.9,26.4,97.0,0.488,81.0,3.2,0,0,0
2.7,8.2,27.1,0.267,2240.5,39.5,1,0,0
19.4,29.2,220.4,0.466,2604.6,27.9,21,0,1
0.5,1.4,19.8,0.318,255.5,2.2,0,0,0
0.0,0.1,0.3,0.211,82.4,2.4,0,0,0
0.0,1.3,4.8,0.281,206.9,1.6,0,0,0
1.5,7.0,29.6,0.238,1661.9,20.4,0,0,0
25.2,35.6,110.0,0.387,2193.7,29.4,25,0,1
2.3,7.9,40.0,0.306,2021.9,39.0,1,0,0
8.7,23.8,54.2,0.493,2614.0,45.8,24,0,1
34.4,53.3,184.7,0.472,1549.2,41.8,18,0,1
6.8,23.8,61.9,0.221,1290.0,23.4,2,0,0
19.2,54.4,104.3,0.558,131.7,6.2,0,0,0
6.5,24.1,58.6,0.261,1979.6,20.6,4,0,0
11.0,34.0,120.5,0.433,2735.7,40.6,5,0,1
1.3,3.8,20.1,0.209,2398.8,25.1,4,0,0
25.9,51.4,159.9,0.546,55.4,13.4,1,0,0
7.9,23.7,65.8,0.31,1663.4,31.3,1,0,0
47.4,82.8,161.1,0.535,308.3,4.2,1,0,0
9.7,22.0,190.3,0.399,741.7,39.0,20,1,1
7.5,22.8,137.6,0.41,3194.9,23.0,24,0,1
11.2,60.5,109.2,0.561,493.8,33.3,3,0,1
26.4,43.4,148.4,0.558,2010.9,55.5,9,0,0
24.5,47.1,118.1,0.46,124.5,4.7,0,0,0
9.0,29.7,77.6,0.575,1294.1,46.2,16,1,1
17.8,58.3,217.4,0.475,352.9,52.9,16,0,1
14.2,73.1,224.3,0.545,999.3,31.9,23,0,1
11.5,22.9,89.0,0.449,287.9,5.7,2,0,0
0.1,0.5,2.3,0.149,122.4,3.5,0,0,0
18.2,55.9,128.1,0.433,304.7,8.6,1,0,0
23.1,35.4,64.5,0.56,2797.5,35.7,10,1,1
35.1,66.8,157.3,0.41,544.6,35.7,10,0,1
25.0,79.2,233.5,0.396,2414.2,27.9,22,0,1
1.5,3.9,15.3,0.178,299.3,4.5,0,0,0
5.7,18.2,51.4,0.328,2208.7,41.4,3,0,0
16.9,37.7,227.9,0.551,449.0,40.8,17,0,1
3.0,14.5,67.4,0.242,2214.1,21.3,3,0,0
25.1,59.0,166.7,0.567,2992.2,46.8,5,0,1
2.6,25.3,72.1,0.312,1383.4,27.2,2,0,0
33.4,85.0,171.6,0.458,281.4,2.8,1,0,0
19.1,56.5,186.5,0.49,159.0,9.1,0,0,0
0.1,0.7,1.9,0.25,214.6,1.0,0,0,0
13.4,37.7,208.3,0.453,1474.4,21.5,10,0,1
18.1,31.8,118.8,0.426,2633.7,54.4,11,0,1
5.9,16.3,40.7,0.226,1390.7,40.2,4,0,0
23.6,40.2,81.2,0.419,2693.6,27.4,2,0,1
29.6,62.2,205.9,0.552,144.1,13.4,0,0,0
8.2,22.4,77.0,0.518,2584.5,21.1,25,0,1
12.6,55.7,173.6,0.451,3071.0,29.0,9,1,1
15.6,31.0,82.9,0.534,1062.6,34.7,7,0,1
20.0,53.4,151.0,0.567,2031.9,25.9,20,0,1
3.4,31.5,70.2,0.32,2105.7,38.1,0,0,0
0.9,4.9,13.2,0.182,273.1,1.5,0,0,0
18.3,48.6,106.7,0.488,2569.1,39.2,1,0,1
12.7,43.6,121.0,0.449,233.9,5.1,1,0,0
26.7,57.5,150.9,0.517,197.4,11.1,1,0,0
4.0,11.1,58.4,0.252,1441.6,41.5,4,0,0
10.3,45.8,132.6,0.577,1502.0,23.1,10,0,1
32.6,62.4,154.8,0.393,715.5,20.6,9,1,1
0.1,1.6,27.6,0.194,187.2,1.6,0,0,0
0.7,3.8,24.5,0.258,58.4,10.4,0,0,0
0.0,1.3,12.9,0.144,51.4,2.8,0,0,0
13.1,52.0,157.6,0.545,1788.2,30.0,22,0,1
14.9,73.9,180.7,0.509,3036.3,40.1,19,0,1
12.2,31.4,105.4,0.423,185.1,11.1,1,0,0
34.7,95.1,196.5,0.488,98.4,1.9,0,0,0
1.9,4.1,16.3,0.311,297.6,4.4,0,0,0
24.3,63.7,204.0,0.497,1013.4,24.4,8,0,1
19.7,74.6,152.5,0.475,1510.1,21.8,22,0,1
0.2,0.4,2.8,0.124,91.4,10.9,0,0,0
15.0,44.2,134.3,0.505,2018.3,46.5,13,2,1
0.1,0.7,9.8,0.226,108.7,8.7,0,0,0
14.3,37.1,153.7,0.462,2857.9,31.0,13,0,1
13.3,40.2,231.0,0.394,1504.4,29.9,23,0,1
4.2,10.0,34.0,0.343,1524.7,29.3,1,0,0
0.1,0.4,4.1,0.152,53.7,7.7,0,0,0
0.1,3.2,12.4,0.143,237.5,5.4,0,0,0
33.1,56.0,117.4,0.528,295.4,9.1,2,0,0
10.7,37.4,95.7,0.439,1502.5,27.7,22,0,1
10.5,36.3,219.1,0.546,2802.0,26.3,24,0,1
10.0,19.7,68.5,0.413,1426.0,31.9,7,2,1
10.8,36.3,86.4,0.528,236.3,13.2,2,0,0
0.2,1.5,4.1,0.256,289.4,11.1,0,0,0
38.1,72.7,189.7,0.419,131.7,10.8,0,0,0
10.2,25.6,89.1,0.512,2113.8,54.0,18,1,1
28.7,48.5,133.5,0.462,198.3,7.3,0,0,0
11.0,34.0,127.9,0.508,2275.5,36.5,11,0,1
11.2,21.7,54.5,0.56,1399.6,39.7,14,0,1
13.2,31.1,212.3,0.436,710.4,38.3,19,1,1
31.7,84.9,158.8,0.463,288.4,7.9,1,0,0
2.5,8.7,22.2,0.243,290.7,5.6,0,0,0
31.4,89.0,187.6,0.561,2036.9,44.5,3,0,1
4.1,9.7,22.6,0.274,1064.4,37.2,2,0,0
14.6,43.4,94.9,0.445,1254.5,26.3,11,0,0
12.5,31.1,83.9,0.424,2163.3,38.7,20,0,1
0.2,0.5,8.0,0.29,209.1,11.5,0,0,0
21.7,56.8,161.3,0.413,1177.3,31.3,4,0,1
7.3,21.7,83.0,0.506,1672.3,40.5,19,0,1
0.3,0.9,7.3,0.268,172.3,0.9,0,0,0
0.9,9.2,49.8,0.296,1614.6,23.6,4,0,0
3.6,8.4,28.7,0.212,187.8,1.6,0,0,0
24.1,50.3,129.3,0.541,3128.7,48.7,1,0,1
2.9,9.2,52.0,0.227,1369.2,26.7,3,0,0
43.4,77.3,161.4,0.567,2575.2,40.3,15,0,1
17.2,78.8,146.4,0.4,714.6,28.3,18,0,1
19.3,36.9,73.5,0.381,1316.1,27.4,24,2,1
14.4,30.2,94.4,0.401,1631.3,30.6,4,0,1
0.1,1.4,4.0,0.179,86.7,3.0,0,0,0
15.5,23.5,102.1,0.499,3063.3,55.9,25,0,1
7.5,20.8,51.0,0.487,1826.3,48.4,7,1,1
40.1,68.8,218.2,0.565,2249.3,23.6,7,0,1
29.1,48.3,210.9,0.565,1265.3,45.9,13,0,1
15.8,23.7,85.5,0.474,1227.0,49.7,10,0,1
8.0,19.6,64.5,0.272,1708.3,34.8,4,0,0
10.2,26.7,125.7,0.489,1823.0,50.5,22,0,1
21.2,56.6,176.4,0.415,606.8,18.9,18,0,1
33.0,85.7,202.6,0.519,3103.3,40.5,25,0,1
1.3,4.7,15.1,0.185,123.3,9.8,0,0,0
5.0,10.5,27.9,0.28,108.8,8.4,0,0,0
30.1,83.1,214.7,0.441,2101.0,22.7,3,0,1
10.0,20.5,105.7,0.492,1475.0,24.5,24,0,1
29.1,54.5,180.5,0.391,2076.6,47.8,3,0,1
17.9,55.9,172.2,0.57,3070.1,23.5,11,0,1
19.0,46.6,84.6,0.57,2980.9,43.9,21,0,1
24.6,56.2,128.5,0.516,114.4,6.5,2,0,0
0.0,0.4,1.3,0.216,116.8,8.3,0,0,0
20.1,43.8,163.0,0.425,204.5,13.8,1,0,0
21.6,41.7,134.0,0.574,1689.5,34.3,11,0,1
16.7,40.6,194.6,0.471,2466.2,48.6,18,0,1
20.4,44.2,138.0,0.469,46.3,12.0,2,0,0
24.9,53.5,158.4,0.433,540.4,49.6,6,0,1
5.7,26.7,61.1,0.231,1192.9,31.3,0,0,0
17.9,48.1,189.3,0.416,3053.2,36.0,7,0,0
16.0,62.4,123.7,0.422,320.9,9.7,0,0,0
24.5,42.9,78.8,0.426,3049.4,39.2,12,0,1
24.8,40.1,206.5,0.551,2934.5,55.4,24,0,1
1.6,6.7,52.6,0.215,1060.4,33.3,0,0,0
17.7,26.6,105.3,0.553,1037.7,52.0,16,0,1
28.2,47.0,94.2,0.406,148.1,8.1,0,0,0
12.4,21.5,85.1,0.542,1742.4,38.8,19,0,1
26.4,67.8,131.8,0.558,190.7,13.1,1,0,0
0.6,6.2,23.1,0.255,55.0,9.1,0,0,0
13.3,18.3,51.6,0.553,404.4,52.7,21,0,1
13.4,71.1,135.6,0.509,461.6,46.3,15,0,1
30.3,78.9,143.6,0.526,1717.0,38.6,22,1,1
16.4,64.9,139.0,0.486,1630.7,50.8,18,0,0
26.7,35.3,96.1,0.535,1434.9,39.3,12,0,1
37.4,79.6,235.3,0.531,917.3,38.4,17,0,0
19.3,48.4,98.0,0.51,70.5,7.4,1,0,0
12.7,33.0,224.6,0.417,2749.7,42.8,12,2,1
0.8,3.0,16.0,0.19,260.2,11.3,0,0,0
6.1,15.2,39.9,0.267,2390.8,36.6,3,0,0
13.1,20.7,76.7,0.41,1167.1,23.2,19,0,1
1.7,5.0,40.9,0.315,1923.1,34.1,4,0,0
24.5,47.1,157.6,0.425,1098.0,20.4,14,0,1
10.4,32.2,148.3,0.486,1251.3,33.7,11,0,1
2.4,10.3,33.4,0.335,1822.7,27.3,1,0,0
11.9,25.0,58.3,0.196,698.9,22.5,3,0,0
4.4,14.4,34.2,0.186,1932.2,39.6,2,0,0
9.8,28.4,120.6,0.566,3191.4,43.0,2,0,1
26.0,37.1,119.8,0.543,772.3,29.3,4,0,0
0.3,2.6,22.7,0.221,234.9,11.4,0,0,0
20.2,46.9,90.2,0.468,265.5,9.9,1,0,0
13.9,30.8,208.7,0.485,1305.9,55.3,19,0,1
16.8,34.4,225.6,0.5,3134.4,27.8,2,0,1
12.0,67.2,179.6,0.479,483.4,29.0,4,0,1
8.0,16.8,53.8,0.503,1214.1,46.7,8,2,1
3.4,8.4,50.4,0.339,1763.0,22.0,1,0,0
44.8,90.6,171.7,0.443,59.8,13.0,1,0,0
1.3,4.1,13.4,0.267,294.3,8.3,0,0,0
2.2,6.4,43.0,0.219,1552.2,35.9,3,0,0
7.6,18.8,81.5,0.452,2394.3,22.7,8,0,1
16.3,30.0,118.1,0.439,2336.6,25.6,6,0,1
18.1,43.2,167.0,0.542,1878.7,33.6,21,0,1
23.9,33.2,55.9,0.458,2046.3,52.6,25,0,1
4.0,14.0,62.7,0.333,2234.3,29.6,2,0,0
17.6,54.6,125.6,0.465,2714.8,28.1,10,0,1
26.3,94.3,188.9,0.525,214.4,8.4,0,0,0
12.0,29.2,211.0,0.565,1584.5,47.0,16,0,1
0.8,2.1,6.6,0.126,82.7,10.4,0,0,0
21.2,54.3,127.8,0.55,1060.8,22.5,5,1,1
23.9,42.2,137.6,0.404,1918.4,32.2,7,0,1
0.6,3.2,27.4,0.289,1296.5,23.6,3,0,0
47.3,93.6,225.3,0.393,2566.6,18.9,17,0,1
18.0,27.4,92.7,0.409,459.2,54.7,16,0,1
22.7,37.4,161.6,0.442,2453.1,48.3,20,0,1
1.1,5.8,26.0,0.154,68.2,6.0,0,0,0
0.3,1.8,8.8,0.171,67.2,8.6,0,0,0
27.8,61.7,207.8,0.541,2619.2,40.6,2,0,1
3.1,24.5,72.5,0.221,1906.5,40.9,3,0,0
3.6,7.6,32.8,0.33,2319.6,20.2,4,0,0
1.8,6.7,51.2,0.358,646.0,35.0,4,0,0
4.8,10.5,28.2,0.328,2079.1,32.4,3,0,0
30.6,45.2,180.1,0.562,1387.4,20.1,13,0,1
1.2,3.5,22.2,0.309,282.6,1.3,0,0,0
0.5,6.2,28.1,0.204,252.6,2.5,0,0,0
21.1,45.7,181.7,0.442,224.3,9.3,2,0,0
11.2,26.4,201.9,0.448,1474.6,42.6,12,0,1
19.8,49.9,187.3,0.42,178.7,6.4,1,0,0
22.7,56.5,115.2,0.389,896.4,40.0,9,1,1
5.0,10.2,36.5,0.283,1496.9,34.1,1,0,0
11.0,22.1,49.7,0.225,2261.6,35.7,1,0,0
16.4,55.8,180.8,0.424,2928.7,18.7,8,0,1
3.3,14.9,59.9,0.184,1377.6,40.6,4,0,0
38.1,75.0,157.1,0.446,237.8,1.8,0,0,0
15.0,33.5,136.9,0.441,1593.1,57.4,3,2,1
10.9,21.4,101.8,0.433,2057.4,57.0,11,0,1
9.9,25.2,95.3,0.408,386.3,37.0,11,0,1
23.1,71.3,191.4,0.419,213.8,6.0,0,0,0
23.2,49.3,196.7,0.445,263.4,1.8,2,0,0
35.7,54.6,180.1,0.478,829.5,49.8,6,0,1
3.9,13.3,31.5,0.201,792.5,35.2,0,0,0
19.2,50.4,84.4,0.406,459.3,57.6,5,0,1
24.2,40.6,72.6,0.579,478.9,47.5,12,1,1
41.7,74.3,206.2,0.557,218.4,5.3,1,0,0
23.3,52.8,210.6,0.565,2792.4,57.8,4,0,0
0.0,0.1,4.2,0.187,128.6,11.5,0,0,0
36.7,66.1,122.1,0.443,247.5,9.7,0,0,0
18.5,34.1,132.5,0.546,154.5,10.6,0,0,0
0.0,0.5,29.3,0.241,247.0,1.9,0,0,0
31.8,54.9,227.2,0.507,1784.6,50.2,22,0,1
13.2,64.3,150.9,0.554,2116.2,27.6,19,0,1
3.5,8.5,25.4,0.18,185.1,7.9,0,0,0
6.9,26.9,69.2,0.181,2269.9,24.8,2,0,0
9.4,19.2,57.8,0.196,1987.9,41.1,2,0,0
6.1,16.2,70.3,0.536,2811.5,18.4,1,0,1
13.1,28.9,181.6,0.481,2901.1,46.1,10,0,1
2.6,5.5,33.7,0.283,1329.1,38.0,0,0,0
24.6,44.7,87.8,0.493,66.4,4.4,1,0,0
5.6,13.0,55.5,0.201,2203.2,29.1,3,0,0
18.2,32.9,97.8,0.551,115.2,2.0,1,0,0
1.1,3.2,20.9,0.19,67.6,1.4,0,0,0
2.7,8.3,22.7,0.224,1973.4,31.9,1,0,0
4.9,23.3,57.0,0.219,2045.5,28.4,1,0,0
20.7,27.9,224.3,0.457,3124.0,54.9,2,0,1
0.0,0.1,9.7,0.164,146.3,5.1,0,0,0
41.9,85.6,181.4,0.412,273.2,6.0,0,0,0
11.5,26.7,85.5,0.513,1573.1,37.0,4,0,1
16.8,46.3,93.6,0.414,450.2,32.3,11,1,1
0.3,2.3,17.9,0.157,280.3,6.0,0,0,0
0.3,0.9,5.5,0.124,108.0,5.7,0,0,0
10.1,28.5,126.7,0.43,1046.2,56.3,18,1,1
1.5,5.3,20.3,0.149,61.9,4.3,0,0,0
5.0,13.5,35.6,0.186,2139.6,32.8,4,0,0
22.7,72.7,189.1,0.539,168.5,6.4,1,0,0
32.9,60.9,112.0,0.483,114.5,1.4,2,0,0
13.4,27.7,67.0,0.457,2668.1,53.0,21,2,1
4.4,15.3,36.4,0.244,1986.1,36.5,3,0,0
36.4,79.7,165.3,0.403,71.5,12.4,1,0,0
25.3,65.7,228.0,0.413,1431.4,57.6,21,0,1
0.9,7.9,26.4,0.283,248.5,1.1,0,0,0
31.8,79.3,149.1,0.415,2213.0,32.6,21,1,1
4.2,20.0,49.5,0.184,1823.0,31.3,3,0,0
0.8,1.7,11.7,0.2,146.1,2.5,0,0,0
27.8,70.6,193.6,0.575,2272.3,30.7,25,1,1
10.9,16.2,75.2,0.517,728.9,26.7,4,0,1
26.8,72.1,140.3,0.512,322.5,9.0,0,0,0
25.7,51.3,119.0,0.433,166.5,10.0,2,0,0
15.6,25.3,93.7,0.561,2800.0,20.8,8,0,1
17.5,33.1,112.7,0.508,130.2,3.4,0,0,0
23.7,44.0,180.3,0.432,2309.3,51.1,10,0,1
0.1,8.9,22.8,0.215,179.1,5.1,0,0,0
34.0,86.2,181.7,0.397,1463.4,25.2,3,0,1
17.9,24.3,84.5,0.5,1985.9,53.7,23,0,1
10.2,20.5,137.0,0.456,2807.3,35.6,14,0,1
29.0,66.2,191.0,0.53,202.9,3.9,1,0,0
35.6,74.5,201.0,0.461,231.7,11.1,0,0,0
30.0,76.8,177.4,0.46,338.5,6.6,2,0,0
4.8,10.4,54.2,0.252,2247.7,32.5,4,0,0
3.3,11.0,41.9,0.269,2125.0,37.0,4,0,0
2.3,22.9,53.6,0.324,2099.7,24.4,3,0,0
0.6,4.9,18.0,0.16,134.7,3.3,0,0,0
37.5,62.6,118.9,0.448,2373.2,19.2,4,0,1
2.0,4.4,11.5,0.268,50.4,6.7,0,0,0
21.9,41.0,94.4,0.448,594.7,51.8,14,0,1
27.3,85.8,209.9,0.382,740.1,33.0,8,0,1
19.6,70.1,220.1,0.476,1746.8,29.2,25,0,1
6.3,19.8,51.1,0.499,2554.9,43.0,22,0,1
25.3,74.5,148.7,0.544,1904.6,30.8,3,0,1
17.2,51.1,164.1,0.424,252.0,2.6,1,0,0
6.2,17.6,76.1,0.547,2868.5,19.5,11,1,1
7.9,23.2,67.5,0.394,1491.6,20.5,14,0,1
30.6,49.2,141.3,0.405,589.0,24.4,15,1,1
1.9,5.0,27.2,0.298,145.8,8.6,0,0,0
0.1,1.3,4.3,0.302,202.8,5.5,0,0,0
25.6,68.5,230.7,0.419,2727.8,20.8,9,0,1
1.1,7.8,25.8,0.352,1566.6,40.3,0,0,0
29.0,86.9,191.6,0.425,311.7,2.2,1,0,0
4.4,13.6,56.5,0.296,2297.0,39.6,0,0,0
3.2,7.6,28.3,0.253,62.5,1.0,0,0,0
11.1,18.6,87.3,0.562,473.4,30.1,1,0,1
20.0,33.6,71.5,0.462,1044.5,23.1,19,0,1
21.8,36.2,206.0,0.476,975.2,34.4,5,0,1
17.0,39.9,111.0,0.542,304.0,3.4,2,0,0
3.7,10.8,71.1,0.314,721.2,37.4,1,0,0
3.3,18.4,41.2,0.191,1858.0,22.3,3,0,0
3.5,7.6,46.5,0.221,601.4,30.3,1,0,0
17.4,45.8,160.7,0.525,258.4,13.2,1,0,0
27.9,77.3,233.0,0.429,1560.9,25.0,11,0,1
18.2,43.1,136.1,0.555,1204.2,49.8,22,0,1
49.0,89.2,195.8,0.506,221.4,7.3,2,0,0
0.1,0.2,4.7,0.31,295.1,3.1,0,0,0
9.6,20.9,53.9,0.444,628.5,37.5,23,0,1
14.3,38.9,147.0,0.433,326.8,12.1,1,0,0
20.6,36.7,64.9,0.491,699.8,47.0,5,0,1
2.3,5.8,23.4,0.317,922.8,21.0,2,0,0
1.1,2.6,10.5,0.158,220.5,6.2,0,0,0
1.6,10.1,25.6,0.249,128.8,1.9,0,0,0
0.1,0.4,3.7,0.122,289.6,6.6,0,0,0
17.6,31.4,123.6,0.416,285.2,4.8,0,0,0
0.2,4.9,27.2,0.123,132.0,7.2,0,0,0
6.4,18.8,59.3,0.506,2529.4,42.0,6,0,1
13.0,32.1,80.1,0.485,1812.2,25.0,5,0,1
13.0,24.5,123.2,0.477,1511.4,27.3,1,0,1
23.7,67.8,181.9,0.519,843.3,44.8,24,1,1
20.9,34.4,74.4,0.476,2483.8,52.1,7,0,1
0.1,0.4,1.4,0.283,253.4,11.2,0,0,0
1.6,9.0,43.1,0.274,2379.9,39.3,4,0,0
5.7,15.6,41.7,0.305,759.1,25.4,3,0,0
3.1,6.6,20.8,0.24,138.1,7.3,0,0,0
18.1,68.0,229.7,0.511,2641.1,29.4,2,0,1
26.2,44.5,189.9,0.498,774.6,40.9,1,0,0
0.3,2.6,8.6,0.251,160.2,5.5,0,0,0
24.1,63.4,224.8,0.398,2760.7,55.7,19,0,1
14.9,27.9,91.9,0.407,1873.4,47.0,3,0,1
0.1,2.5,16.2,0.222,271.1,8.0,0,0,0
15.8,37.2,105.1,0.412,1283.2,41.1,11,0,1
37.1,75.1,179.0,0.54,257.9,2.0,0,0,0
25.4,55.0,169.9,0.512,2918.6,30.9,4,0,1
10.4,24.1,159.8,0.391,1672.4,37.0,16,0,1
37.0,53.6,143.2,0.488,359.4,56.2,25,0,1
3.5,9.7,50.3,0.183,850.7,36.9,0,0,0
1.0,6.4,16.1,0.122,240.9,1.8,0,0,0
29.6,83.0,208.4,0.538,2303.3,40.3,14,0,1
19.9,29.0,132.5,0.55,2996.7,43.4,21,0,1
8.9,25.7,83.8,0.563,2240.1,52.1,5,0,1
13.3,31.9,126.6,0.405,687.4,41.1,13,0,1
12.7,34.1,205.3,0.471,2188.6,34.1,24,0,1
31.7,73.0,186.4,0.401,197.4,8.9,0,0,0
2.3,13.9,40.1,0.344,1804.8,34.6,1,0,0
3.4,17.8,49.7,0.357,1998.3,26.1,0,0,0
14.6,23.9,176.3,0.531,1573.3,21.6,4,0,1
0.0,0.2,1.0,0.26,167.6,0.9,0,0,0
0.1,0.2,3.1,0.14,143.1,11.7,0,0,0
26.5,60.0,173.4,0.504,1911.7,57.0,13,0,1
16.7,38.0,131.6,0.521,1793.8,33.3,16,0,1
47.4,66.9,120.4,0.513,1428.5,20.3,12,1,1
42.1,63.1,110.1,0.515,2592.8,21.4,1,1,1
39.8,51.2,223.4,0.497,1534.2,48.2,18,0,1
0.7,2.6,9.6,0.154,196.1,4.0,0,0,0
2.2,11.0,50.3,0.232,2179.4,35.6,3,0,0
2.0,12.0,29.9,0.283,2080.0,24.9,0,0,0
2.0,6.1,25.7,0.314,1879.2,23.0,0,0,0
15.0,33.7,128.5,0.504,1125.6,42.9,7,0,1
14.7,47.6,155.1,0.505,2191.6,35.9,14,0,1
24.4,46.6,112.1,0.437,48.8,8.0,1,0,0
32.7,57.4,121.4,0.45,858.6,39.5,17,0,1
14.1,25.9,175.5,0.397,2481.8,39.2,10,0,1
18.0,24.1,187.3,0.44,531.2,56.2,12,0,1
0.8,4.9,48.7,0.264,1968.8,35.7,3,0,0
4.9,14.2,58.6,0.494,1072.1,28.2,3,0,0
2.7,6.3,23.8,0.289,193.2,10.2,0,0,0
9.5,20.5,45.5,0.27,1084.6,30.0,0,0,0
12.4,41.0,219.5,0.467,2803.6,52.0,15,0,1
23.0,30.8,107.6,0.453,3097.8,49.6,18,0,1
11.1,24.9,238.7,0.567,2386.8,36.1,9,0,1
12.8,42.9,158.2,0.531,200.2,4.7,2,0,0
0.0,0.1,2.6,0.319,106.2,3.7,0,0,0
0.3,1.0,28.5,0.315,202.6,10.2,0,0,0
10.9,27.0,55.1,0.546,547.1,51.9,14,0,1
0.9,3.8,14.9,0.286,180.2,9.4,0,0,0
34.9,76.6,132.8,0.535,770.1,30.3,11,0,1
24.6,63.1,147.7,0.45,64.9,8.1,2,0,0
1.3,10.6,30.5,0.304,2148.1,27.8,2,0,0
17.8,30.8,74.5,0.451,1481.7,47.7,14,0,1
17.1,26.0,193.4,0.554,1906.3,54.3,22,0,1
1.9,5.4,16.0,0.151,254.7,1.5,0,0,0
27.3,55.9,156.6,0.472,1869.4,39.9,22,0,1
16.4,48.0,114.3,0.573,365.1,21.6,5,0,1
34.8,67.0,177.1,0.572,2295.3,30.8,4,0,1
16.9,65.8,112.5,0.515,856.3,51.1,20,0,1
32.8,57.2,223.1,0.475,1353.5,42.7,18,1,1
1.9,7.1,21.2,0.293,1168.5,24.9,1,0,0
1.0,2.9,15.1,0.124,79.6,5.9,0,0,0
42.1,74.4,140.6,0.532,164.8,8.5,1,0,0
9.4,16.0,72.4,0.474,904.4,22.8,22,0,1
18.3,28.5,221.4,0.384,3139.1,52.3,22,2,1
13.3,33.3,185.5,0.547,690.4,35.7,23,0,1
3.2,7.8,33.7,0.18,2252.9,26.5,3,0,0
13.2,25.7,62.0,0.434,2710.8,31.5,19,0,1
14.5,37.7,178.2,0.466,3188.1,18.9,10,0,1
0.2,0.8,4.3,0.27,128.8,10.8,0,0,0
10.2,52.4,124.7,0.398,2698.1,43.0,16,0,0
37.4,60.2,228.4,0.388,661.6,36.3,2,1,1
0.5,1.2,23.4,0.148,261.1,4.7,0,0,0
2.0,10.8,39.8,0.333,858.6,35.5,3,0,0
14.8,18.7,60.8,0.409,526.8,49.4,7,0,0
34.6,64.6,154.8,0.453,986.4,48.9,24,1,1
10.0,37.0,153.5,0.425,996.0,33.4,12,0,1
1.6,3.8,20.6,0.182,1160.7,39.6,0,0,0
24.2,52.5,123.4,0.483,1709.8,55.4,16,0,1
0.0,0.3,22.1,0.299,155.4,8.3,0,0,0
19.3,27.7,103.2,0.533,1291.0,48.9,19,0,1
10.9,26.9,230.3,0.574,494.1,31.3,5,0,1
32.3,47.1,190.4,0.423,1265.6,27.1,12,0,1
16.6,28.7,123.9,0.453,1032.4,50.7,7,0,0
8.0,19.4,57.7,0.411,1761.7,43.2,17,0,1
27.4,79.2,189.1,0.503,1725.8,19.2,21,0,1
21.4,34.4,95.9,0.54,1996.9,23.2,21,0,1
33.1,45.6,120.4,0.401,3088.2,43.4,15,0,1
6.3,15.1,49.6,0.184,1439.8,24.6,2,0,0
10.3,21.5,104.1,0.577,962.2,30.6,25,0,1
0.3,3.4,9.1,0.242,191.6,10.0,0,0,0
35.1,88.2,198.1,0.442,289.5,6.9,0,0,0
1.3,3.8,36.3,0.308,872.4,31.4,1,0,0
26.2,69.8,132.5,0.423,396.7,36.9,9,0,0
0.1,0.3,11.0,0.278,61.3,4.2,0,0,0
40.5,73.2,200.1,0.437,1200.9,41.5,22,0,1
0.3,9.0,27.4,0.229,229.3,6.0,0,0,0
10.9,22.5,92.6,0.495,2650.6,51.8,25,0,1
0.1,2.2,29.1,0.147,116.1,2.4,0,0,0
10.1,67.1,225.6,0.572,1283.0,45.6,18,0,1
26.7,88.0,164.7,0.534,2149.9,46.5,20,0,0
4.3,11.4,38.6,0.306,1333.9,36.8,4,0,0
23.4,47.3,220.2,0.39,2747.2,50.1,13,0,1
33.7,98.5,190.9,0.553,163.7,13.7,1,0,0
1.1,8.0,63.3,0.335,1812.9,31.0,0,0,0
8.3,14.2,50.6,0.43,2383.7,48.7,21,0,1
1.9,7.4,51.0,0.252,2339.7,40.9,4,0,0
25.1,41.2,228.1,0.53,2296.2,42.5,12,2,1
24.1,93.4,195.7,0.424,2916.3,29.2,25,0,1
18.7,68.1,205.8,0.408,2005.2,48.2,1,0,1
30.9,76.8,231.5,0.53,1782.5,18.7,22,1,1
15.3,62.9,175.1,0.445,3105.1,34.9,11,2,1
20.7,81.8,200.0,0.438,2735.0,20.9,20,0,1
12.5,38.6,235.6,0.561,1186.2,39.4,5,0,1
10.0,21.3,52.8,0.341,2179.8,23.0,2,0,0
1.1,3.5,16.7,0.144,182.3,8.3,0,0,0
7.8,16.3,36.5,0.35,2159.9,32.0,3,0,0
24.6,36.9,211.1,0.535,2791.8,47.1,10,2,1
19.7,51.3,97.5,0.413,284.0,2.3,2,0,0
1.1,8.8,24.2,0.265,661.4,40.2,4,0,0
13.3,25.6,151.2,0.492,1462.2,42.3,7,0,1
16.4,28.6,65.1,0.492,2702.0,20.0,5,0,1
2.9,7.7,34.9,0.285,1231.4,28.4,1,0,0
29.0,76.7,218.9,0.438,2553.3,35.3,1,0,1
9.7,20.7,219.3,0.435,1574.9,27.2,20,0,1
12.8,26.7,113.0,0.572,1226.6,20.6,20,1,1
0.8,9.9,25.1,0.148,164.7,5.1,0,0,0
11.4,26.7,187.6,0.453,3191.7,37.1,6,0,1
2.6,9.7,61.6,0.267,2270.6,24.6,3,0,0
17.3,24.6,71.3,0.428,1967.0,21.2,24,0,1
19.6,26.5,184.9,0.546,1212.5,39.0,6,0,1
14.8,20.1,214.3,0.391,1827.6,42.9,16,0,1
0.5,2.2,24.6,0.211,194.3,5.1,0,0,0
0.5,1.2,6.2,0.225,147.8,6.5,0,0,0
1.3,4.4,27.9,0.318,209.7,8.0,0,0,0
26.0,33.1,232.5,0.566,2592.9,26.9,19,0,1
2.5,6.3,17.6,0.174,243.0,10.9,0,0,0
14.6,26.8,159.1,0.483,2149.4,28.1,9,1,1
1.8,6.4,43.6,0.341,1829.7,23.2,0,0,0
19.4,31.7,100.7,0.428,777.4,19.1,10,0,1
0.0,0.2,29.6,0.179,285.6,8.3,0,0,0
14.2,32.8,140.0,0.463,2143.9,27.8,25,0,1
0.0,0.1,14.3,0.207,129.0,1.2,0,0,0
13.6,65.7,161.4,0.437,2714.8,54.6,12,0,1
14.0,38.1,145.1,0.496,389.9,26.7,7,2,1
20.8,42.3,90.4,0.448,2669.9,48.5,17,1,1
25.4,76.6,181.9,0.486,68.9,4.3,0,0,0
3.2,7.1,50.1,0.283,2396.5,25.5,2,0,0
7.6,14.4,56.8,0.559,1668.0,50.6,24,0,1
14.2,45.7,133.0,0.458,1610.2,26.2,5,0,1
5.7,16.9,80.0,0.469,2002.3,34.8,24,0,1
17.9,54.8,224.2,0.507,1183.2,49.7,3,0,1
17.9,49.8,238.1,0.574,437.0,35.7,24,0,1
38.6,55.0,229.7,0.55,1072.5,50.7,12,0,1
0.7,3.1,12.6,0.307,297.1,8.2,0,0,0
0.7,4.5,23.4,0.271,82.8,2.9,0,0,0
16.3,46.1,144.9,0.402,325.2,5.0,2,0,0
20.2,37.8,99.3,0.453,1771.5,26.4,23,0,1
0.1,0.9,9.0,0.198,71.2,3.1,0,0,0
32.6,67.0,175.4,0.416,93.7,10.9,1,0,0
24.0,42.1,100.9,0.532,1607.9,26.7,14,0,1
2.4,7.2,24.8,0.311,60.7,4.8,0,0,0
5.2,11.4,73.7,0.302,2182.4,32.9,3,0,0
0.3,0.9,24.1,0.217,272.3,1.2,0,0,0
3.1,6.7,36.2,0.287,838.1,37.9,0,0,0
35.6,59.8,140.8,0.464,56.6,11.8,1,0,0
14.8,21.5,101.1,0.382,2947.8,43.9,20,0,1
0.4,1.6,18.1,0.195,285.7,6.3,0,0,0
24.0,60.0,219.9,0.437,2586.6,46.6,22,0,1
0.0,0.0,10.7,0.228,278.4,6.4,0,0,0
20.1,76.1,233.8,0.504,1212.1,33.8,12,0,1
2.2,6.9,18.7,0.309,186.5,7.6,0,0,0
18.4,28.6,108.5,0.404,718.9,29.3,24,0,1
4.3,9.9,27.1,0.253,1586.2,38.4,1,0,0
21.7,69.2,190.1,0.507,74.4,1.7,1,0,0
31.3,55.1,177.1,0.402,863.8,22.3,13,0,1
0.0,0.0,0.6,0.243,144.4,6.3,0,0,0
0.6,5.3,17.7,0.261,264.4,3.7,0,0,0
25.4,79.5,172.8,0.428,2168.5,20.8,1,2,1
11.0,22.0,217.0,0.397,1098.0,24.2,21,1,1
0.2,1.7,7.5,0.124,264.3,2.2,0,0,0
14.4,26.6,80.8,0.506,2678.4,41.1,15,2,1
13.1,25.2,107.3,0.512,1700.9,39.3,5,0,1
2.7,14.1,72.5,0.201,2189.5,31.6,0,0,0
12.1,22.6,57.3,0.397,2414.2,46.6,4,0,1
5.0,12.7,74.9,0.304,1936.6,39.1,2,0,0
10.2,31.4,200.8,0.387,1180.6,51.7,22,0,1
0.8,7.6,34.3,0.274,2101.6,37.0,3,0,0
24.9,77.2,199.8,0.547,396.4,55.2,6,0,0
20.1,33.8,211.8,0.403,2262.3,40.7,2,1,1
19.7,55.0,151.5,0.449,309.0,3.8,2,0,0
15.0,32.2,156.9,0.391,2322.3,43.1,4,0,0
32.8,41.2,82.8,0.398,1671.5,50.7,13,0,1
2.5,13.1,37.9,0.289,829.0,35.4,3,0,0
16.2,48.6,152.3,0.433,155.0,13.2,2,0,0
21.0,39.5,170.4,0.579,1312.4,19.3,1,0,1
22.0,46.4,86.7,0.403,82.2,4.4,0,0,0
22.6,83.6,212.8,0.56,2860.8,41.0,9,0,1
29.5,76.3,134.0,0.453,1166.9,34.4,20,1,1
12.0,29.9,64.1,0.572,2814.0,30.9,5,1,1
22.4,39.2,68.5,0.394,3151.0,52.9,1,2,1
12.0,26.0,62.4,0.239,777.3,25.2,2,0,0
44.0,85.9,209.0,0.512,306.4,6.4,1,0,0
1.7,9.5,38.8,0.348,1688.8,30.3,2,0,0
21.7,44.1,76.3,0.488,1753.9,39.4,8,0,1
13.8,31.1,162.9,0.454,1383.8,29.6,23,0,1
1.1,6.2,29.9,0.286,1153.7,32.5,0,0,0
13.2,35.6,165.7,0.519,460.5,53.6,11,0,0
12.2,23.8,157.8,0.499,1707.6,33.5,4,0,1
13.2,39.8,92.5,0.562,2467.5,47.0,21,0,1
0.4,3.3,25.8,0.34,2311.8,34.3,0,0,0
14.5,43.1,122.7,0.383,1723.5,35.0,22,0,1
2.7,8.9,24.2,0.309,115.3,4.6,0,0,0
3.2,12.3,66.4,0.325,1792.2,27.9,3,0,0
18.7,67.3,158.1,0.522,832.7,56.3,22,0,1
19.0,29.0,190.9,0.413,3066.1,38.9,24,0,1
24.3,43.0,72.7,0.527,1059.1,42.1,25,2,1
49.9,94.4,231.5,0.506,2441.8,39.6,4,0,1
8.6,15.7,57.8,0.474,605.5,46.4,14,0,1
16.4,41.7,201.0,0.489,771.6,44.7,18,0,1
19.5,50.6,234.7,0.477,2484.6,39.9,13,0,1
28.9,72.1,167.2,0.429,2411.6,42.0,16,0,1
13.6,20.0,97.3,0.48,2605.3,19.7,10,0,1
0.2,2.3,19.5,0.226,195.1,2.6,0,0,0
19.8,49.0,182.5,0.413,62.7,11.8,2,0,0
31.5,86.7,158.4,0.439,92.2,10.3,1,0,0
12.0,29.2,86.5,0.448,2066.0,51.7,22,0,1
11.8,73.4,190.7,0.463,2357.5,30.6,24,0,1
0.5,2.3,14.9,0.303,69.7,8.4,0,0,0
33.0,60.8,198.6,0.48,1456.9,25.2,11,0,0
0.8,9.3,28.4,0.258,229.3,3.3,0,0,0
19.1,39.5,99.0,0.415,2833.0,44.2,8,0,0
37.5,65.7,124.6,0.551,130.2,11.1,0,0,0
22.6,36.3,81.6,0.573,1295.1,49.8,4,0,1
15.7,72.2,207.0,0.429,2255.3,53.3,14,0,1
23.6,79.1,155.9,0.419,201.1,10.1,0,0,0
11.3,23.1,69.9,0.407,1327.4,47.7,17,0,1
21.3,59.0,186.4,0.502,291.4,10.2,0,0,0
22.0,40.0,195.4,0.502,1756.4,26.7,22,0,1
32.8,53.8,227.6,0.514,1308.7,37.8,11,0,1
6.7,14.8,67.3,0.426,1308.1,37.2,17,0,0
13.3,42.5,221.8,0.53,964.4,49.0,25,0,1
27.6,51.1,234.1,0.551,2656.9,18.0,16,0,1
0.6,8.5,23.9,0.194,180.2,1.4,0,0,0
16.9,24.3,51.1,0.443,2208.2,30.9,23,0,1
17.2,28.7,50.1,0.456,1351.5,43.3,19,0,1
0.2,1.6,27.9,0.182,255.2,1.5,0,0,0
1.6,13.2,64.7,0.219,2145.0,37.4,4,0,0
13.6,85.9,239.2,0.459,1653.1,27.6,19,0,0
12.8,40.3,86.9,0.429,1856.4,40.3,5,0,1
14.7,78.1,176.5,0.462,1789.3,23.9,16,0,1
2.3,7.3,25.3,0.281,1217.2,37.6,1,0,0
4.5,9.4,57.5,0.322,1684.7,33.9,2,0,0
16.7,33.5,57.7,0.572,2636.8,28.9,18,1,0
27.8,50.0,154.7,0.398,506.8,43.7,19,0,1
13.0,23.8,75.3,0.574,1313.2,45.2,18,1,1
11.7,27.2,175.2,0.557,800.1,53.3,18,0,1
12.1,18.9,59.0,0.545,2840.1,47.5,17,0,1
18.0,44.0,235.1,0.443,3099.0,56.7,10,0,1
19.8,39.5,172.0,0.432,1191.6,35.8,15,0,1
11.9,47.2,86.3,0.524,157.0,11.5,0,0,0
25.5,52.9,230.1,0.516,3065.4,23.7,20,0,1
18.5,31.6,98.7,0.395,1275.4,37.3,16,0,1
0.2,1.3,14.4,0.238,146.5,9.2,0,0,0
3.3,10.2,26.4,0.257,114.9,7.8,0,0,0
23.5,61.8,193.8,0.443,2664.9,43.8,2,0,1
0.5,2.5,14.0,0.212,175.8,1.8,0,0,0
3.2,6.6,18.5,0.192,240.0,3.3,0,0,0
35.8,59.9,190.8,0.475,713.6,18.4,17,0,1
11.0,22.4,74.7,0.383,2601.5,27.5,11,0,1
35.0,63.9,206.3,0.425,2605.0,24.2,10,2,1
14.1,36.1,130.3,0.456,1373.1,31.8,9,0,1
31.5,52.6,104.1,0.435,236.0,2.9,1,0,0
1.8,14.0,68.9,0.234,2124.0,35.5,1,0,0
11.9,19.0,51.5,0.563,1222.9,36.7,6,0,1
3.3,16.4,48.3,0.201,774.2,38.4,3,0,0
16.5,24.6,141.5,0.528,501.1,26.2,5,0,1
21.4,39.4,137.7,0.412,230.3,7.8,1,0,0
16.3,64.3,125.4,0.445,97.1,10.7,1,0,0
25.2,84.1,196.9,0.471,2727.2,24.5,12,0,1
30.0,54.6,102.7,0.496,145.8,1.7,1,0,0
31.7,82.6,158.8,0.434,306.1,11.8,1,0,0
11.9,29.7,192.4,0.4,1535.6,57.8,10,0,1
1.9,7.5,53.1,0.296,2078.3,20.1,2,0,0
14.0,23.9,71.6,0.546,902.9,51.4,22,0,1
24.2,33.2,157.9,0.545,1818.5,21.5,22,0,1
7.0,18.4,54.6,0.277,797.0,24.0,0,0,0
21.2,54.0,104.9,0.529,213.9,9.5,2,0,0
28.3,58.8,130.9,0.506,310.5,3.1,0,0,0
14.2,39.3,129.2,0.509,1872.4,18.9,16,0,0
8.0,18.0,52.0,0.258,866.9,21.2,0,0,0
1.7,3.8,30.7,0.296,633.8,25.1,0,0,0
0.0,0.1,1.2,0.154,267.5,10.8,0,0,0
7.3,20.8,109.0,0.492,520.7,38.4,21,0,0
0.0,0.1,1.6,0.154,238.5,2.4,0,0,0
16.0,43.9,177.6,0.455,2500.1,36.9,8,0,1
1.1,2.3,7.0,0.26,70.8,2.5,0,0,0
22.1,58.9,185.6,0.408,3004.4,30.7,13,2,1
8.3,15.6,61.3,0.449,2876.3,42.1,21,2,1
18.7,29.9,165.0,0.517,926.6,23.5,23,0,1
6.7,14.2,62.8,0.335,1747.8,27.0,2,0,0
19.3,36.7,133.1,0.385,501.8,38.1,8,0,1
1.9,5.0,45.2,0.314,916.4,41.6,1,0,0
0.4,1.8,14.3,0.156,284.7,2.6,0,0,0
26.5,52.7,122.0,0.46,305.0,3.5,1,0,0
11.1,31.6,207.0,0.425,2331.0,26.8,8,0,1
15.9,28.4,156.6,0.45,930.6,29.4,6,0,1
18.6,31.1,88.4,0.525,2650.9,21.5,18,0,1
18.4,56.2,159.7,0.541,907.6,44.0,12,0,1
2.9,20.2,68.3,0.343,927.7,26.3,0,0,0
0.1,0.2,3.4,0.257,115.2,10.6,0,0,0
2.5,8.8,34.8,0.351,1507.5,22.6,4,0,0
13.6,24.7,64.6,0.454,1077.1,22.1,19,0,1
13.6,73.4,182.9,0.535,1085.9,36.7,2,1,1
20.6,36.9,104.0,0.412,113.6,13.0,0,0,0
24.5,55.7,114.5,0.441,1472.7,54.6,21,0,1
1.0,7.6,31.0,0.343,1673.1,29.9,2,0,0
11.5,19.8,79.0,0.52,2535.7,24.7,20,2,1
21.3,30.3,75.5,0.526,2197.6,46.7,1,0,1
18.4,46.4,149.3,0.4,2686.3,27.5,7,0,1
15.9,29.6,194.5,0.433,2836.4,34.9,7,1,1
8.8,18.4,75.4,0.536,747.1,36.4,18,2,1
18.8,55.3,205.1,0.462,120.3,10.1,0,0,0
3.2,7.0,21.0,0.201,657.1,30.2,1,0,0
28.9,50.8,161.1,0.481,67.5,11.9,0,0,0
21.5,51.8,91.0,0.523,2536.3,34.9,13,0,1
23.8,29.7,68.0,0.44,706.9,31.0,23,1,1
9.2,36.4,106.8,0.405,64.8,10.2,1,0,0
29.8,46.8,168.8,0.521,1687.2,47.3,19,1,1
26.9,72.7,140.0,0.497,2859.8,56.0,22,0,0
14.8,55.5,183.8,0.462,1479.5,37.5,2,0,1
0.2,7.2,22.7,0.238,216.6,1.9,0,0,0
13.6,48.8,113.2,0.41,58.0,1.3,2,0,0
21.2,78.0,169.6,0.518,149.7,8.8,0,0,0
17.1,70.8,195.7,0.416,1347.7,36.6,9,0,1
47.0,75.0,218.5,0.554,661.4,40.9,12,0,1
1.8,7.8,49.4,0.198,1822.9,38.2,1,0,0
31.5,69.1,144.0,0.549,1578.1,53.3,24,0,1
13.4,19.0,51.9,0.389,2635.0,52.9,8,0,1
3.3,14.6,48.4,0.342,2118.5,30.3,0,0,0
2.3,8.2,20.9,0.281,235.7,1.1,0,0,0
1.1,10.6,31.7,0.319,1748.3,38.1,3,0,0
18.7,53.0,191.3,0.424,85.0,8.9,0,0,0
0.2,1.7,27.8,0.134,281.0,11.5,0,0,0
20.4,39.9,141.1,0.54,2385.8,31.0,25,0,1
27.1,52.7,123.5,0.442,290.8,10.5,1,0,0
0.6,4.7,33.2,0.316,915.4,40.3,1,0,0
39.1,52.0,225.3,0.445,811.6,21.0,25,0,1
0.2,0.8,4.3,0.266,202.3,10.8,0,0,0
37.5,75.6,170.0,0.558,268.9,8.8,1,0,0
11.3,44.1,117.7,0.439,87.8,6.1,2,0,0
20.2,43.1,140.3,0.442,2752.1,52.3,22,0,1
32.2,44.0,167.9,0.542,2862.0,19.0,24,1,1
34.2,70.2,183.4,0.47,190.1,11.0,1,0,0
14.0,40.2,88.8,0.441,2775.7,39.0,13,0,1
21.7,32.4,148.2,0.57,1933.7,54.9,21,0,0
21.4,53.3,175.3,0.421,1356.6,52.8,22,0,1
0.4,1.1,4.9,0.161,79.6,6.1,0,0,0
1.5,3.7,17.6,0.26,168.8,0.9,0,0,0
7.6,21.2,221.0,0.491,3000.9,47.7,5,1,1
18.8,26.1,82.5,0.459,1743.9,44.4,3,0,1
39.7,91.0,182.7,0.489,336.8,5.0,1,0,0
2.4,10.6,73.5,0.229,977.1,21.2,3,0,0
14.8,25.1,82.2,0.394,2375.4,36.4,16,2,1
16.2,29.0,197.4,0.382,2271.2,33.2,4,0,1
18.8,65.5,151.6,0.435,42.0,5.8,0,0,0
48.9,63.1,232.8,0.514,1118.1,19.6,25,0,1
0.0,0.1,7.8,0.215,73.4,10.2,0,0,0
20.3,56.0,163.8,0.517,3126.6,50.7,12,0,1
10.0,33.0,131.4,0.431,316.8,7.0,2,0,0
28.8,44.3,102.6,0.534,807.7,40.3,18,0,1
22.5,43.2,102.3,0.569,1739.6,30.8,17,0,1
14.0,33.0,163.9,0.448,1380.2,38.6,17,0,1
20.9,39.1,121.2,0.47,2928.3,56.2,20,0,1
5.3,15.5,50.3,0.352,744.3,37.8,0,0,0
25.5,44.2,94.5,0.564,2862.4,19.6,21,0,1
18.0,28.7,128.2,0.407,766.8,30.9,8,0,1
35.1,52.2,203.0,0.436,2102.8,28.0,9,0,1
3.6,31.3,70.7,0.358,1266.0,31.7,0,0,0
0.1,0.6,1.5,0.167,183.7,9.8,0,0,0
2.3,10.9,35.9,0.259,1771.1,29.3,4,0,0
52.0,91.8,189.3,0.55,250.1,8.6,1,0,0
10.5,21.8,74.0,0.386,787.3,36.0,12,0,1
0.1,1.8,6.9,0.17,119.4,6.1,0,0,0
31.0,91.5,196.7,0.405,523.0,50.1,4,1,1
0.0,0.2,12.4,0.32,165.5,11.4,0,0,0
27.3,63.5,114.2,0.569,417.9,26.3,19,0,1
13.2,43.8,79.8,0.533,2220.1,45.3,4,0,1
0.1,0.7,4.1,0.307,281.0,9.6,0,0,0
23.4,69.9,155.1,0.552,764.4,48.4,16,0,1
18.6,55.1,215.4,0.425,2277.5,45.0,13,2,1
31.7,50.5,230.5,0.399,2671.3,18.9,1,0,1
2.4,16.3,50.7,0.279,1300.7,33.8,4,0,0
6.9,16.6,73.7,0.532,377.1,28.6,1,0,1
17.8,30.4,83.1,0.531,3071.4,40.3,18,0,1
12.7,92.5,194.7,0.384,2949.5,36.0,17,0,1
23.2,56.7,179.5,0.405,277.1,2.8,0,0,0
0.3,2.1,20.5,0.234,1774.3,34.5,3,0,0
1.5,3.2,10.0,0.125,165.3,7.6,0,0,0
12.3,83.3,233.5,0.568,1137.9,42.4,11,2,1
40.3,68.4,187.3,0.514,326.5,13.8,1,0,0
2.1,7.4,26.8,0.187,144.3,1.7,0,0,0
5.1,24.3,73.3,0.231,2073.0,36.9,0,0,0
0.1,0.2,7.7,0.242,148.9,11.2,0,0,0
11.3,22.9,152.2,0.573,891.1,35.6,10,0,1
12.0,37.9,78.2,0.44,2687.3,25.0,13,1,1
18.7,37.3,121.9,0.407,249.8,7.7,2,0,0
17.3,42.4,124.0,0.548,198.3,10.9,1,0,0
15.7,27.8,211.3,0.478,520.7,57.9,23,0,0
33.6,51.3,106.8,0.507,922.5,43.0,10,0,1
16.6,30.4,118.8,0.552,785.6,24.4,22,0,1
13.5,45.0,158.1,0.436,244.8,10.4,2,0,0
24.2,79.4,228.3,0.488,2682.0,52.1,3,0,1
18.0,27.6,53.6,0.469,2649.7,42.3,13,0,1
30.9,58.9,160.6,0.454,59.9,6.9,0,0,0
25.0,36.4,145.9,0.508,2548.1,42.9,20,2,1
13.0,27.1,54.8,0.43,818.8,30.4,21,0,0
20.8,44.5,75.5,0.463,2189.8,25.5,7,1,1
13.2,31.7,114.0,0.544,134.4,11.8,1,0,0
20.3,34.6,94.3,0.467,79.7,13.1,2,0,0
0.6,3.1,29.6,0.307,121.5,12.0,0,0,0
0.3,1.2,6.2,0.133,173.4,6.8,0,0,0
34.1,56.8,211.6,0.519,2282.0,56.9,23,0,1
37.4,48.0,126.1,0.543,2404.3,50.2,18,0,1
17.6,32.1,106.5,0.443,253.4,7.8,2,0,0
25.1,45.1,108.0,0.501,301.3,12.7,1,0,0
3.3,12.3,35.2,0.36,2329.3,25.1,0,0,0
14.1,39.3,116.8,0.482,2663.7,26.5,7,0,1
10.7,23.4,157.1,0.382,1366.5,29.3,13,0,1
39.1,70.0,193.3,0.564,1315.3,22.5,16,1,1
0.7,6.3,24.3,0.301,1735.6,27.0,2,0,0
15.1,20.0,70.2,0.42,2998.2,27.6,3,2,1
22.9,44.5,126.8,0.477,1458.1,37.9,25,0,1
11.1,37.3,129.0,0.5,55.2,3.6,0,0,0
15.2,26.2,100.1,0.512,2445.5,26.2,3,0,1
4.5,10.6,27.7,0.2,1290.7,30.8,1,0,0
14.6,61.3,149.9,0.472,567.7,50.8,1,0,1
32.5,47.5,131.0,0.492,2178.6,26.1,19,0,1
15.0,23.3,169.5,0.511,2333.2,18.3,16,0,1
19.6,51.3,111.6,0.398,2362.7,43.4,3,0,1
2.1,5.3,36.3,0.356,1063.1,28.4,1,0,0
0.2,8.1,21.9,0.226,107.2,9.2,0,0,0
35.4,48.4,169.3,0.445,2113.0,38.4,25,1,1
7.2,21.2,93.2,0.407,1520.6,19.8,15,0,1
19.9,30.9,119.2,0.467,1258.2,51.2,3,0,1
5.7,19.0,87.8,0.578,3011.7,43.9,14,0,0
45.4,91.0,219.9,0.578,2876.5,20.8,5,0,1
17.4,55.2,215.8,0.39,3032.0,37.1,3,0,1
1.4,5.3,21.1,0.315,294.1,10.2,0,0,0
38.3,50.9,104.0,0.447,2010.8,23.7,12,0,1
32.1,41.1,174.8,0.505,998.2,27.6,5,0,1
24.4,68.5,158.2,0.535,905.2,50.2,20,0,1
24.4,40.9,186.1,0.425,413.3,37.3,11,1,1
12.8,37.4,118.6,0.457,1652.3,47.4,22,2,1
15.0,48.9,234.2,0.468,373.4,21.6,1,0,1
3.2,18.8,68.1,0.192,1530.3,32.9,3,0,0
9.4,25.0,67.1,0.475,2474.1,39.9,9,0,1
18.8,64.8,146.6,0.545,141.9,10.7,0,0,0
18.7,61.5,210.1,0.455,2110.8,44.7,20,1,1
21.3,61.1,225.4,0.538,2817.7,20.2,23,0,1
0.6,4.0,16.6,0.256,113.7,4.5,0,0,0
22.9,36.4,74.8,0.384,2021.8,54.7,25,0,1
3.1,11.0,52.1,0.283,1923.6,36.7,4,0,0
15.1,22.7,97.2,0.466,1132.9,56.9,23,0,1
1.7,6.4,26.2,0.279,1521.6,37.1,3,0,0
34.7,71.4,163.3,0.442,2679.7,46.5,22,0,1
16.1,53.5,219.7,0.402,1003.4,50.5,9,0,1
27.7,78.5,236.0,0.456,2213.4,52.8,21,0,1
23.4,46.8,101.9,0.521,1131.4,20.3,19,0,1
19.4,30.1,53.0,0.381,1035.1,50.5,11,2,1
5.2,17.1,59.3,0.511,2996.0,51.3,15,0,1
26.1,59.2,130.1,0.435,1067.3,38.3,14,0,1
4.8,10.8,29.1,0.181,84.6,9.2,0,0,0
11.9,23.9,66.1,0.294,1299.5,35.5,2,0,0
16.5,61.9,137.2,0.492,239.3,3.8,2,0,0
3.8,12.3,32.5,0.233,982.4,26.5,0,0,0
11.0,26.1,168.8,0.411,1514.3,45.6,16,0,1
6.1,14.5,32.8,0.293,1242.9,31.3,2,0,0
25.5,50.8,204.3,0.562,1470.0,57.1,9,0,1
0.4,0.8,18.7,0.159,256.5,10.5,0,0,0
28.0,58.2,137.9,0.542,2207.7,30.9,16,0,1
5.5,14.6,57.7,0.345,894.0,40.0,4,0,0
26.2,38.1,201.4,0.577,664.8,20.4,12,0,1
21.3,27.7,132.1,0.429,1699.7,56.4,2,0,1
0.1,0.7,12.4,0.311,241.5,5.3,0,0,0
2.8,18.5,52.5,0.253,1796.0,41.9,1,0,0
1.1,5.1,17.1,0.309,150.9,6.6,0,0,0
8.5,26.8,116.9,0.437,2187.3,57.1,3,0,1
18.8,37.2,159.8,0.552,966.9,36.9,15,0,1
3.3,8.4,22.0,0.223,85.3,6.0,0,0,0
14.0,45.9,151.9,0.441,149.9,3.8,0,0,0
36.2,65.9,208.4,0.382,2678.7,30.0,22,0,1
2.6,7.9,68.0,0.22,2002.8,33.0,1,0,0
8.8,26.5,202.8,0.412,2673.4,39.4,16,2,1
12.7,50.2,176.9,0.531,749.9,37.2,6,0,1
15.8,26.7,128.2,0.436,1567.3,32.0,12,0,1
16.7,49.1,235.8,0.539,1264.1,36.4,12,0,1
11.7,30.7,86.1,0.443,332.8,6.4,1,0,0
8.4,27.3,157.7,0.442,2822.5,49.9,3,0,1
15.0,24.1,156.1,0.55,2777.8,52.8,3,0,1
3.1,7.4,20.6,0.347,856.7,23.6,2,0,0
15.5,45.1,141.7,0.526,1342.7,31.7,7,0,1
3.1,6.4,28.3,0.223,178.7,1.1,0,0,0
15.3,54.0,234.4,0.566,1370.0,55.2,7,0,1
1.9,4.1,21.5,0.248,208.3,5.8,0,0,0
2.4,8.4,39.6,0.271,2311.9,27.3,4,0,0
8.0,20.7,155.0,0.467,2585.5,40.6,4,1,1
1.6,4.1,20.8,0.299,857.3,29.2,3,0,0
16.1,53.5,166.9,0.466,2003.0,44.2,15,0,1
2.0,5.0,28.3,0.123,250.5,5.6,0,0,0
17.2,47.3,188.5,0.442,72.0,13.1,2,0,0
1.5,8.6,67.6,0.334,861.5,28.6,0,0,0
9.8,23.4,211.4,0.481,672.6,21.1,7,0,1
31.6,54.7,142.5,0.415,3074.3,20.8,4,0,1
13.2,24.0,57.8,0.39,2435.0,33.7,15,0,1
8.7,25.2,80.7,0.546,2416.5,58.0,14,0,1
15.7,52.5,214.7,0.432,864.8,21.1,12,1,1
0.1,2.1,8.7,0.288,94.8,6.6,0,0,0
15.8,47.2,131.2,0.44,243.4,11.0,2,0,0
1.4,5.1,15.5,0.154,72.3,1.1,0,0,0
3.8,8.8,22.3,0.235,101.2,2.5,0,0,0
16.6,82.0,173.1,0.442,2484.5,40.8,10,0,1
14.6,60.2,125.9,0.574,858.9,56.5,9,0,1
29.6,71.1,125.4,0.469,3087.5,37.0,18,0,1
11.0,34.9,135.9,0.408,1252.7,57.6,21,0,1
22.5,57.2,165.3,0.509,75.6,9.8,1,0,0
17.4,31.5,109.2,0.424,1386.4,57.0,20,0,1
12.6,62.2,232.5,0.523,412.4,40.9,12,0,1
31.3,59.1,198.8,0.392,1715.1,34.1,22,0,1
16.9,26.1,81.6,0.57,1968.8,23.6,22,0,1
0.9,6.2,57.7,0.304,600.2,29.3,1,0,0
1.5,3.5,11.1,0.277,263.6,2.6,0,0,0
6.8,14.8,37.5,0.236,1233.5,24.9,3,0,0
7.2,19.0,65.4,0.196,711.7,21.6,3,0,0
21.7,35.3,134.0,0.459,1621.3,47.2,14,0,1
0.2,0.8,6.2,0.262,81.4,6.4,0,0,0
15.5,20.8,68.1,0.422,2631.1,27.3,9,0,1
15.4,37.0,63.2,0.394,513.7,38.7,6,0,1
5.4,15.7,41.0,0.292,1552.1,26.2,0,0,0
40.7,52.7,138.7,0.43,913.9,51.8,23,0,1
3.9,18.0,73.8,0.26,686.3,20.7,4,0,0
0.3,2.3,5.9,0.209,276.2,0.7,0,0,0
30.3,71.3,199.1,0.434,2227.2,30.3,14,0,0
1.0,6.9,56.6,0.237,2361.7,31.7,1,0,0
29.8,60.5,211.4,0.538,2314.5,21.1,24,2,0
0.1,6.3,19.4,0.226,249.2,10.6,0,0,0
0.4,1.2,4.6,0.188,268.1,1.2,0,0,0
0.5,6.3,17.8,0.185,200.6,8.2,0,0,0
1.5,3.7,18.3,0.18,257.5,9.9,0,0,0
14.2,25.8,96.2,0.579,433.3,55.2,11,1,1
0.3,3.7,21.4,0.135,95.8,4.0,0,0,0
16.8,30.8,195.3,0.425,1345.5,45.0,3,2,1
34.2,72.7,149.3,0.522,117.3,9.4,2,0,0
9.4,27.4,88.8,0.492,329.0,2.1,0,0,0
20.2,80.0,169.3,0.498,194.1,3.6,1,0,0
10.7,23.6,57.0,0.474,2715.1,34.6,10,0,1
22.4,78.0,169.7,0.413,179.9,7.5,1,0,0
11.4,32.6,179.8,0.411,2097.6,31.5,15,1,1
5.9,16.3,37.9,0.183,865.1,31.2,4,0,0
15.2,32.6,124.1,0.546,323.6,8.9,1,0,0
25.3,57.7,237.4,0.568,2862.0,50.6,10,0,1
6.8,20.0,44.7,0.191,1212.0,31.8,1,0,0
33.9,60.7,108.5,0.433,2218.4,56.9,19,0,1
3.6,11.0,32.5,0.186,2062.6,36.8,3,0,0
0.2,0.6,16.1,0.173,242.6,7.6,0,0,0
22.1,61.2,188.4,0.44,1377.2,20.1,22,0,1
15.7,70.4,187.9,0.435,1283.3,43.5,17,0,1
30.6,45.2,172.3,0.559,3112.4,50.0,16,0,1
2.9,14.0,59.3,0.327,809.3,36.5,3,0,0
12.0,37.3,106.1,0.447,1635.8,35.3,12,0,1
23.6,92.5,233.3,0.448,2404.9,34.2,7,0,1
1.7,9.0,21.8,0.225,1080.6,29.3,4,0,0
1.7,4.7,15.9,0.142,247.4,5.8,0,0,0
2.8,6.5,27.9,0.252,210.3,2.6,0,0,0
25.8,65.0,205.2,0.519,1630.0,44.5,8,0,1
17.5,33.4,155.2,0.537,1277.6,24.9,9,0,0
39.8,50.8,222.7,0.506,1293.1,44.6,20,0,1
19.3,26.0,143.4,0.546,1482.0,24.1,1,1,1
28.8,60.8,160.3,0.51,151.4,3.0,2,0,0
11.3,35.0,86.9,0.419,263.5,4.3,2,0,0
0.4,10.7,27.5,0.291,265.7,6.1,0,0,0
0.4,1.0,15.2,0.196,74.7,6.2,0,0,0
2.0,7.8,29.4,0.183,659.6,22.9,0,0,0
23.1,33.9,198.0,0.433,1966.1,27.2,8,0,0
48.4,62.4,238.0,0.555,1282.1,39.6,10,0,1
0.7,2.9,16.7,0.13,247.3,3.5,0,0,0
0.9,5.3,18.3,0.212,51.8,9.2,0,0,0
4.0,12.5,29.1,0.297,1986.7,38.3,4,0,0
40.1,78.7,168.1,0.541,1926.9,56.1,22,0,1
32.4,70.0,221.0,0.491,896.7,44.6,13,0,1
0.8,6.4,23.6,0.285,1265.3,41.7,3,0,0
12.9,21.2,135.0,0.41,2813.1,50.1,10,2,1
15.1,29.7,124.3,0.458,2925.2,26.3,7,0,1
22.6,48.0,80.1,0.578,1275.3,32.9,25,0,1
44.3,66.1,159.6,0.571,2438.5,50.0,22,1,1
12.2,36.7,224.0,0.54,1713.2,39.6,17,0,1
19.8,29.8,120.6,0.409,2174.1,22.1,12,0,1
1.3,4.5,25.0,0.194,87.0,10.4,0,0,0
9.5,22.4,105.3,0.457,1487.5,54.2,9,1,1
17.2,54.0,126.4,0.384,2354.5,52.5,19,0,1
18.7,54.1,106.2,0.539,711.3,20.2,24,0,1
19.3,30.8,87.1,0.478,2373.9,35.8,6,0,0
13.6,32.9,193.1,0.45,1884.0,50.2,8,0,1
13.0,38.2,90.2,0.413,195.8,10.5,2,0,0
27.9,48.4,151.9,0.504,2805.9,41.1,23,0,1
3.1,6.8,19.2,0.26,120.8,7.5,0,0,0
13.3,24.4,209.5,0.528,2727.8,19.5,23,0,1
19.1,31.3,130.0,0.464,2911.1,38.5,20,0,1
31.9,46.4,102.5,0.443,2985.5,35.3,23,0,1
15.6,27.5,168.0,0.406,1344.7,20.8,8,0,1
32.1,41.6,112.7,0.49,1646.3,30.6,11,0,1
14.5,25.5,112.6,0.555,3115.7,20.2,19,0,1
2.5,6.0,23.9,0.201,84.5,1.0,0,0,0
3.1,10.2,59.7,0.316,832.4,33.3,4,0,0
14.3,26.2,119.8,0.482,415.6,40.9,19,0,1
26.8,70.1,185.1,0.516,160.4,6.5,0,0,0
18.3,57.7,176.9,0.474,77.8,8.9,0,0,0
18.0,24.7,77.6,0.468,1935.5,57.9,7,0,1
1.3,9.6,26.4,0.266,116.6,2.0,0,0,0
0.0,1.9,6.0,0.287,151.1,2.6,0,0,0
1.8,4.4,25.2,0.198,1751.7,26.6,0,0,0
9.8,31.7,74.3,0.429,3042.0,45.5,11,0,1
6.8,16.2,54.3,0.215,1820.9,25.3,0,0,0
1.7,9.2,22.2,0.259,1362.1,24.9,3,0,0
23.6,62.8,209.2,0.542,293.3,2.9,1,0,0
0.1,1.8,21.4,0.189,224.3,9.6,0,0,0
36.2,66.4,152.6,0.547,2104.6,55.6,9,0,1
1.8,16.7,54.3,0.256,875.0,22.9,1,0,0
23.7,77.5,175.8,0.44,288.0,2.6,2,0,0
25.7,42.3,183.1,0.415,1060.0,54.0,24,0,1
13.9,18.6,69.0,0.543,1800.9,25.3,19,0,1
2.3,8.0,21.8,0.174,132.7,5.7,0,0,0
16.9,64.4,173.3,0.511,162.5,8.4,1,0,0
18.1,46.5,176.3,0.523,1658.0,26.1,5,0,1
32.5,59.2,142.0,0.435,129.6,7.5,0,0,0
6.1,18.3,51.5,0.256,2026.8,37.7,3,0,0
20.7,37.6,72.0,0.522,2755.9,56.9,4,0,1
16.1,44.2,188.1,0.451,1758.5,37.3,14,0,1
4.2,26.4,74.6,0.203,1408.9,30.3,1,0,0
17.8,43.2,229.9,0.536,2599.4,44.0,12,0,1
14.5,91.9,220.2,0.496,2940.2,46.0,18,0,1
7.8,25.4,177.3,0.477,1594.7,57.6,3,0,1
10.2,23.2,68.2,0.4,486.7,30.7,25,0,1
19.5,43.7,163.4,0.57,1816.1,54.0,4,0,1
14.6,20.9,51.0,0.418,1910.6,20.4,7,0,1
10.2,83.6,227.7,0.472,1200.3,22.3,12,1,1
2.2,8.4,46.5,0.35,2138.9,26.0,2,0,0
27.6,63.4,145.4,0.485,1652.2,46.9,14,1,1
9.1,34.2,129.0,0.502,72.0,6.2,1,0,0
0.0,0.2,0.5,0.264,198.1,2.9,0,0,0
18.4,65.5,190.7,0.398,1794.7,37.1,17,0,1
0.9,4.6,24.1,0.122,70.9,3.9,0,0,0
39.9,72.3,160.4,0.521,3148.5,50.1,9,0,1
33.1,70.1,143.7,0.559,256.2,5.2,2,0,0
33.7,66.3,182.6,0.439,72.5,1.9,0,0,0
0.3,5.2,24.2,0.243,280.6,7.3,0,0,0
0.1,0.3,1.8,0.14,208.6,2.2,0,0,0
23.3,59.1,195.8,0.422,116.0,6.1,2,0,0
27.0,37.7,88.0,0.557,2680.9,32.4,2,0,1
16.1,63.3,135.0,0.432,235.3,9.7,2,0,0
0.5,1.2,13.5,0.295,115.9,6.5,0,0,0
0.0,0.1,0.4,0.205,141.0,9.2,0,0,0
1.3,10.1,49.8,0.184,1142.6,22.4,3,0,0
3.8,10.1,34.0,0.326,1118.0,36.2,1,0,0
47.8,85.1,203.5,0.456,183.5,1.6,0,0,0
0.1,0.3,17.3,0.172,239.0,11.1,0,0,0
12.6,33.1,236.9,0.572,1010.8,34.2,6,0,1
0.5,4.3,28.9,0.121,172.7,4.8,0,0,0
23.1,38.5,211.1,0.545,1725.3,23.8,9,2,1
1.4,7.1,47.0,0.281,1359.3,30.8,3,0,0
17.4,35.6,124.9,0.429,2963.3,33.5,11,0,1
10.6,22.3,53.7,0.536,2207.5,48.2,8,0,0
15.9,21.2,52.7,0.554,2343.1,44.0,15,0,1
32.2,65.0,147.6,0.403,3142.0,33.5,7,0,1
14.5,37.4,100.6,0.463,1391.0,25.6,12,0,0
23.7,80.4,155.4,0.427,2809.1,54.5,24,1,1
10.2,54.1,93.0,0.415,1792.8,40.3,17,0,1
6.3,16.3,70.1,0.317,1885.8,41.8,2,0,0
0.7,2.3,9.8,0.185,74.1,10.0,0,0,0
12.5,35.5,141.0,0.425,1348.2,37.1,8,0,0
30.9,60.9,112.4,0.492,297.6,7.2,0,0,0
0.8,7.3,18.5,0.251,275.1,3.3,0,0,0
3.3,9.8,31.8,0.349,881.2,24.9,2,0,0
3.1,16.0,42.2,0.336,1706.0,27.3,2,0,0
48.5,87.6,217.9,0.497,1290.6,36.1,20,0,1
17.3,23.3,102.9,0.534,1773.8,57.6,23,0,1
22.0,44.7,208.0,0.422,2351.2,31.9,22,0,1
12.7,41.2,116.7,0.452,274.9,7.5,1,0,0
10.7,20.2,102.0,0.558,519.8,36.3,10,0,1
0.1,0.8,4.0,0.217,164.2,10.3,0,0,0
46.9,92.8,201.9,0.401,322.3,13.6,2,0,0
0.0,1.4,17.1,0.134,157.5,4.1,0,0,0
0.6,4.9,29.8,0.153,253.0,1.4,0,0,0
19.4,43.2,161.8,0.526,2049.7,31.5,22,2,1
16.1,42.0,115.2,0.493,330.3,6.5,0,0,0
27.4,62.7,106.1,0.517,2472.3,20.0,20,0,1
34.0,56.2,142.6,0.543,1740.5,46.6,17,0,1
21.4,29.9,74.5,0.441,811.6,55.4,8,0,1
7.4,20.1,69.5,0.552,2414.1,27.1,3,0,1
15.1,60.1,133.4,0.483,637.6,37.9,2,0,1
3.3,7.6,33.1,0.28,1832.1,26.1,0,0,0
7.3,17.9,56.9,0.278,744.6,23.2,1,0,0
0.8,1.6,5.5,0.254,198.8,7.2,0,0,0
18.4,23.8,164.8,0.573,2503.9,57.0,20,0,1
23.4,67.1,148.9,0.474,220.9,6.2,2,0,0
12.4,28.1,162.6,0.397,1798.8,34.3,4,0,1
7.1,20.6,67.6,0.432,806.4,46.7,15,0,1
25.4,46.5,126.9,0.442,3164.4,20.8,2,2,1
3.8,10.6,35.2,0.245,1719.3,38.3,2,0,0
18.1,43.7,231.4,0.441,1559.2,28.8,7,0,0
10.9,32.4,59.6,0.397,1846.5,21.7,9,0,1
16.6,74.2,181.3,0.528,2165.6,21.2,23,0,1
35.6,73.5,159.6,0.48,2137.4,29.6,10,0,1
2.0,6.6,37.6,0.299,2163.5,27.8,3,0,0
1.1,3.7,33.5,0.259,979.8,38.0,3,0,0
43.9,72.7,164.0,0.512,1209.7,38.7,17,0,1
20.0,30.2,91.2,0.434,1722.5,56.1,12,0,1
24.6,74.3,152.3,0.394,2243.1,31.2,11,0,1
22.6,52.6,163.6,0.496,1982.7,44.3,10,0,1
8.9,24.2,96.1,0.521,1425.8,19.1,14,0,1
18.7,72.2,198.0,0.481,2720.0,49.8,18,0,1
4.0,14.7,44.9,0.219,1967.9,34.9,0,0,0
18.2,26.2,176.9,0.458,889.5,55.8,24,0,1
1.0,2.8,20.4,0.183,151.5,11.7,0,0,0
18.0,29.9,94.6,0.399,972.2,57.7,19,0,1
2.5,9.5,23.3,0.249,838.3,22.2,2,0,0
7.9,17.4,52.6,0.342,1167.7,23.0,0,0,0
1.9,6.6,28.9,0.249,149.4,5.4,0,0,0
21.5,79.3,171.4,0.54,107.2,7.8,2,0,0
2.2,10.7,56.4,0.293,2313.3,21.0,2,0,0
0.4,1.6,19.0,0.284,279.8,5.2,0,0,0
16.9,36.0,228.4,0.46,1251.3,33.6,15,0,1
36.1,51.3,187.4,0.452,1696.1,56.8,6,0,1
10.7,34.6,153.4,0.547,2767.5,30.7,23,0,1
11.6,58.2,201.3,0.386,3083.8,37.1,8,0,1
3.6,27.0,70.7,0.346,1402.2,37.1,2,0,0
4.2,11.5,48.8,0.317,1519.3,22.9,0,0,0
10.8,22.3,229.1,0.41,2035.0,22.2,7,0,1
11.7,28.8,113.1,0.54,1411.6,27.2,21,1,1
1.0,2.7,7.9,0.284,66.7,5.0,0,0,0
2.6,15.9,43.1,0.271,2055.1,37.3,0,0,0
10.6,33.2,195.6,0.418,2333.3,53.9,21,0,1
21.1,41.2,124.9,0.495,94.4,9.2,0,0,0
29.9,71.4,154.8,0.416,69.0,5.8,1,0,0
0.4,1.2,18.7,0.277,182.0,6.7,0,0,0
12.4,24.5,66.2,0.552,1863.5,55.8,4,0,1
43.8,59.7,133.5,0.466,2562.2,42.3,13,0,1
17.6,34.6,82.8,0.393,920.5,23.7,21,0,1
22.9,81.3,151.6,0.543,277.3,10.5,0,0,0
27.2,51.7,160.6,0.413,324.6,7.5,2,0,0
29.0,56.2,185.4,0.496,2168.6,49.6,21,0,1
0.0,0.2,6.9,0.294,140.3,6.6,0,0,0
0.2,5.9,17.0,0.152,154.4,9.8,0,0,0
22.2,46.1,179.3,0.496,86.3,3.4,0,0,0
18.5,37.1,211.2,0.439,1525.0,43.6,7,0,1
3.2,13.3,56.8,0.262,1317.1,30.4,3,0,0
15.5,67.7,235.1,0.504,3196.9,42.0,24,0,0
19.1,73.3,179.9,0.548,45.3,1.9,1,0,0
18.8,66.8,128.9,0.507,199.6,9.5,1,0,0
11.6,81.5,221.7,0.445,459.1,42.4,24,0,1
3.8,11.5,29.3,0.22,148.0,9.9,0,0,0
18.5,59.0,186.6,0.482,1239.9,31.6,21,0,0
1.4,8.0,21.9,0.222,2349.7,24.7,3,0,0
15.4,36.4,152.1,0.555,583.3,35.9,23,0,1
16.0,22.4,56.0,0.577,1680.4,53.9,4,0,1
16.0,30.7,58.7,0.46,2095.9,21.3,14,1,1
15.8,44.9,117.5,0.468,91.1,11.6,2,0,0
3.2,8.3,25.2,0.273,58.8,4.0,0,0,0
0.4,2.2,27.0,0.218,183.6,3.1,0,0,0
15.3,43.3,93.0,0.404,128.4,4.4,0,0,0
22.8,31.6,134.6,0.449,535.1,39.7,10,1,1
29.2,67.1,184.5,0.446,475.0,42.9,15,0,1
30.0,81.9,187.9,0.539,709.5,31.8,1,0,1
11.2,17.4,63.0,0.518,2778.2,40.6,11,0,1
16.3,33.4,126.9,0.486,123.0,6.5,2,0,0
20.5,83.6,150.4,0.527,3092.1,43.8,18,1,1
3.7,8.1,61.4,0.19,2004.1,36.5,3,0,0
0.1,0.6,6.9,0.214,66.9,8.5,0,0,0
0.0,0.1,0.9,0.126,191.8,5.1,0,0,0
12.1,30.3,60.3,0.494,2933.9,36.3,11,1,1
1.5,5.3,42.1,0.286,1100.1,21.4,0,0,0
1.6,5.9,24.7,0.187,241.4,1.7,0,0,0
18.8,56.6,141.7,0.471,252.2,2.5,2,0,0
24.4,46.3,89.7,0.505,165.5,8.9,2,0,0
20.5,55.8,153.7,0.555,229.2,3.7,1,0,0
0.3,1.6,4.2,0.238,162.3,9.8,0,0,0
9.3,20.6,125.1,0.407,1078.2,31.1,1,0,1
9.6,28.0,72.4,0.398,2966.3,25.3,3,0,1
22.9,52.3,192.9,0.556,2456.0,44.0,3,0,1
0.4,8.8,25.7,0.239,198.4,5.4,0,0,0
24.4,69.4,149.3,0.469,2054.9,19.9,13,0,1
2.0,12.2,74.6,0.338,1159.8,34.4,2,0,0
12.2,25.4,68.3,0.346,1308.9,35.8,1,0,0
23.4,42.0,169.3,0.565,672.6,37.2,16,0,1
28.8,55.8,193.9,0.522,69.6,9.5,1,0,0
26.0,55.9,150.9,0.434,1066.5,22.8,7,0,1
13.9,23.6,77.7,0.41,1290.1,33.2,8,0,1
32.9,84.9,189.8,0.539,2366.1,40.4,4,0,1
0.9,1.9,12.9,0.21,111.6,8.0,0,0,0
3.8,11.4,59.7,0.231,2360.7,30.3,4,0,0
1.3,6.5,28.2,0.289,95.4,10.3,0,0,0
9.1,27.3,74.1,0.452,2041.9,36.1,8,1,0
28.2,43.8,91.4,0.522,1846.5,30.1,8,0,1
19.8,37.7,64.0,0.449,2852.2,49.2,21,0,1
19.3,35.9,214.0,0.569,1402.6,56.1,20,1,1
18.5,34.7,112.9,0.447,179.4,7.9,2,0,0
1.1,6.9,62.4,0.353,1741.9,41.3,0,0,0
0.1,2.3,16.1,0.241,104.4,8.6,0,0,0
3.5,13.2,45.6,0.27,2269.4,28.5,3,0,0
1.1,6.4,41.1,0.227,1953.1,35.1,3,0,0
36.1,68.3,187.5,0.433,492.7,50.5,2,1,1
9.5,26.2,67.5,0.224,2055.5,21.6,2,0,0
0.5,2.6,18.6,0.199,101.5,2.6,0,0,0
19.4,65.1,184.8,0.481,181.2,13.1,1,0,0
13.2,36.8,212.7,0.398,2460.7,55.5,24,1,1
15.5,48.9,112.0,0.469,48.9,10.0,0,0,0
14.2,25.0,80.2,0.528,3072.7,46.6,23,0,1
21.4,54.5,126.6,0.39,1823.4,22.9,15,0,1
1.1,7.9,39.6,0.293,1081.9,40.5,4,0,0
35.3,71.1,227.7,0.572,608.4,39.4,11,0,1
0.9,4.6,20.8,0.286,1959.6,23.1,0,0,0
1.2,7.4,24.4,0.209,930.4,27.7,0,0,0
10.2,25.9,59.0,0.246,774.7,37.9,3,0,0
28.3,56.5,135.2,0.507,301.9,12.8,2,0,0
10.5,34.3,145.2,0.573,3148.3,45.4,25,0,1
31.1,45.5,133.0,0.459,2554.6,19.2,9,0,1
6.8,12.6,51.1,0.554,3102.5,42.1,16,0,1
35.9,76.8,207.4,0.472,1413.4,40.1,6,0,1
15.2,45.2,110.1,0.493,1831.2,43.3,16,0,1
5.7,12.7,41.1,0.295,1619.4,39.8,2,0,0
0.0,0.0,3.1,0.234,82.3,8.4,0,0,0
14.0,35.2,74.7,0.494,2733.5,44.3,17,0,1
15.0,55.0,185.1,0.39,3130.4,27.6,3,0,1
9.8,30.1,145.9,0.406,2805.8,51.4,19,0,1
0.6,1.3,5.8,0.319,272.7,11.2,0,0,0
31.9,54.4,198.5,0.434,202.3,11.3,2,0,0
0.3,5.7,18.1,0.255,258.7,6.8,0,0,0
4.0,10.1,52.3,0.286,642.1,35.9,4,0,0
0.1,0.6,5.1,0.308,244.1,3.9,0,0,0
0.1,0.4,1.6,0.227,206.3,10.1,0,0,0
1.5,5.7,29.3,0.24,953.5,38.1,4,0,0
26.6,77.4,217.1,0.462,1612.6,55.4,21,1,1
10.2,27.2,222.9,0.485,2673.4,28.7,13,0,1
19.8,25.9,122.6,0.465,413.8,56.0,9,0,1
15.8,53.2,151.2,0.554,383.8,55.1,15,0,1
12.3,29.4,81.8,0.529,2486.8,26.4,13,0,1
14.3,37.8,87.0,0.426,295.5,4.7,0,0,0
0.0,1.5,5.7,0.216,216.7,6.7,0,0,0
8.6,27.3,93.0,0.445,332.4,3.9,0,0,0
9.1,20.7,63.9,0.332,1746.2,32.6,1,0,0
20.5,60.5,225.8,0.444,2708.2,46.1,18,0,1
1.8,17.3,60.9,0.35,1494.0,22.2,4,0,0
12.9,25.7,96.2,0.494,203.2,8.7,0,0,0
30.2,67.2,211.4,0.573,2821.3,43.9,1,0,1
20.8,33.4,122.7,0.396,2751.4,38.5,21,0,1
0.8,3.6,31.5,0.213,1129.1,41.9,2,0,0
1.7,3.6,11.1,0.31,197.1,5.5,0,0,0
1.3,6.7,20.1,0.221,1818.9,37.4,4,0,0
18.5,28.4,117.1,0.408,1828.5,37.8,7,0,0
17.1,35.3,68.7,0.53,2073.9,46.8,12,0,1
0.2,5.6,21.4,0.289,201.7,5.0,0,0,0
0.5,1.4,6.0,0.283,145.6,6.9,0,0,0
16.2,43.2,102.4,0.388,1363.6,23.5,12,1,1
32.7,45.8,187.1,0.502,768.6,34.2,21,0,1
5.1,18.5,60.9,0.337,1712.2,31.8,1,0,0
1.3,2.9,12.1,0.239,211.3,0.7,0,0,0
10.7,24.9,179.4,0.47,2465.2,37.2,16,0,1
9.4,21.0,72.6,0.568,1141.6,23.3,2,0,1
0.3,1.6,25.4,0.164,208.2,10.0,0,0,0
20.5,59.0,233.6,0.465,2762.6,55.6,7,1,0
14.7,48.1,113.4,0.436,2602.1,30.3,17,0,1
0.3,1.5,23.8,0.151,154.6,10.7,0,0,0
22.3,46.8,173.3,0.477,2449.1,53.6,13,0,1
1.2,10.9,67.1,0.212,1343.8,41.1,4,0,0
16.7,25.9,81.6,0.473,2191.4,21.6,17,0,1
7.1,22.2,56.8,0.397,2326.8,20.7,14,0,1
20.7,54.5,114.2,0.543,65.7,5.1,1,0,0
12.9,19.0,53.8,0.499,785.5,47.1,9,0,1
16.7,82.7,157.8,0.409,617.6,30.2,24,0,1
16.5,47.4,186.1,0.459,59.0,14.0,0,0,0
0.7,7.0,20.1,0.201,255.6,11.1,0,0,0
21.7,33.6,163.5,0.561,2405.4,19.7,12,0,1
11.6,22.7,87.7,0.473,144.4,12.8,2,0,0
24.8,31.1,55.7,0.504,2304.0,40.8,1,0,1
11.4,40.4,144.9,0.433,153.6,7.6,0,0,0
19.2,27.9,233.3,0.553,2858.4,53.1,9,0,1
16.6,43.7,103.5,0.502,1303.3,31.1,9,0,1
10.1,84.9,190.1,0.426,966.9,55.2,20,0,1
5.2,10.6,68.6,0.244,1887.5,41.5,0,0,0
9.5,20.1,206.4,0.454,587.3,46.2,18,0,1
0.0,0.6,7.0,0.286,292.4,3.8,0,0,0
32.7,85.3,177.8,0.524,208.6,13.2,1,0,0
3.6,12.1,58.7,0.211,2201.1,34.0,2,0,0
5.6,18.4,66.8,0.19,1983.5,29.5,0,0,0
24.2,80.1,162.8,0.513,3057.9,57.5,17,0,1
31.0,48.0,186.2,0.465,2911.8,49.6,24,1,1
16.9,25.2,77.2,0.398,1861.9,33.0,15,0,1
7.4,21.0,186.3,0.409,2414.3,49.4,12,0,1
0.4,2.7,22.0,0.263,710.1,31.0,0,0,0
29.8,92.8,181.7,0.559,105.9,12.0,2,0,0
13.5,33.0,59.2,0.478,698.6,31.9,2,0,1
42.5,88.6,167.7,0.551,235.3,12.1,1,0,0
0.2,0.6,2.0,0.292,207.8,3.6,0,0,0
0.0,0.7,8.4,0.27,181.2,1.8,0,0,0
6.1,15.3,72.1,0.245,1488.4,22.2,1,0,0
46.9,90.8,174.6,0.418,107.7,4.2,0,0,0
7.5,26.9,67.1,0.216,2047.2,21.1,4,0,0
15.7,48.0,142.0,0.393,2372.3,34.1,25,1,1
1.7,8.4,25.7,0.319,2257.8,34.5,4,0,0
9.4,14.4,54.1,0.474,2800.4,41.4,7,0,1
21.2,40.3,157.0,0.427,343.0,8.0,1,0,0
4.7,12.0,50.0,0.185,1303.4,24.1,0,0,0
4.1,12.3,49.7,0.2,1679.7,39.7,0,0,0
12.0,29.8,72.9,0.286,2375.1,29.5,0,0,0
0.3,1.3,16.2,0.295,51.0,7.8,0,0,0
1.5,3.1,8.0,0.127,217.3,6.8,0,0,0
14.4,27.9,118.8,0.396,2831.0,47.8,8,0,1
22.8,39.4,211.6,0.543,1292.2,44.6,17,0,1
19.4,26.2,56.8,0.489,1625.6,37.1,18,0,1
25.2,41.9,128.0,0.578,2608.3,44.1,5,0,0
7.2,17.0,67.3,0.255,1491.3,28.0,3,0,0
10.9,44.3,137.5,0.419,1285.5,52.6,25,0,1
20.2,44.5,237.2,0.494,1418.3,20.8,6,0,1
4.9,13.2,62.7,0.313,1340.7,21.3,3,0,0
13.1,44.6,141.1,0.471,126.8,5.6,1,0,0
30.2,56.8,109.2,0.446,2754.1,56.1,2,0,1
24.8,39.8,108.5,0.557,973.8,50.3,10,0,0
27.6,68.5,169.4,0.496,2437.2,21.6,10,0,1
21.9,66.7,160.0,0.481,2780.3,24.3,17,0,1
1.4,6.8,66.7,0.349,1483.4,22.7,1,0,0
13.5,18.5,67.8,0.478,2429.0,43.9,1,0,1
9.6,23.8,52.9,0.444,753.4,46.2,10,0,1
20.7,42.0,121.6,0.477,196.2,6.1,0,0,0
17.9,47.1,226.7,0.479,521.9,42.0,2,0,1
13.3,25.5,122.9,0.456,2230.8,39.3,22,0,1
5.6,25.8,64.5,0.19,728.3,28.4,2,0,0
0.4,0.9,5.0,0.252,56.6,5.9,0,0,0
8.9,23.4,149.2,0.523,2406.4,22.3,20,0,1
0.8,3.9,20.8,0.273,203.3,5.0,0,0,0
20.1,37.7,85.4,0.465,225.8,9.7,0,0,0
14.2,36.4,75.2,0.507,2374.5,48.4,18,0,1
29.1,50.4,167.7,0.461,225.5,4.6,0,0,0
29.4,59.2,143.3,0.444,203.0,12.8,1,0,0
3.4,8.3,52.7,0.343,1997.9,40.8,1,0,0
1.6,6.2,32.0,0.19,830.0,25.3,1,0,0
21.8,31.7,68.7,0.527,2027.9,25.8,11,0,1
4.3,12.7,45.2,0.237,714.3,39.2,0,0,0
21.5,80.3,205.5,0.523,1337.1,35.7,9,0,1
1.7,5.8,16.1,0.305,284.2,11.0,0,0,0
0.2,1.0,5.4,0.185,215.2,11.2,0,0,0
0.5,4.1,10.4,0.15,290.0,9.6,0,0,0
12.0,26.9,84.2,0.539,1467.8,32.3,16,0,1
12.1,24.1,63.9,0.506,908.3,41.3,15,0,1
16.4,35.4,98.5,0.456,163.6,11.0,1,0,0
30.1,49.8,218.1,0.533,1450.9,45.4,3,0,1
31.4,64.4,119.7,0.481,1099.1,53.0,22,0,1
16.8,34.6,125.0,0.547,990.5,54.3,16,0,1
25.9,53.5,218.8,0.498,1829.0,33.8,9,0,1
0.2,5.9,21.7,0.257,169.4,4.7,0,0,0
1.1,2.4,16.3,0.179,95.9,10.0,0,0,0
0.2,1.1,10.2,0.252,77.7,7.6,0,0,0
5.3,30.5,74.0,0.273,1140.5,21.0,3,0,0
1.0,4.7,20.6,0.275,175.8,2.9,0,0,0
27.3,43.3,122.7,0.418,1446.1,55.0,14,0,1
26.5,72.3,222.0,0.46,1964.7,30.0,8,0,1
16.2,30.2,66.0,0.435,2195.0,30.9,5,0,1
1.1,8.3,47.1,0.225,1579.9,22.3,0,0,0
20.8,28.7,178.6,0.382,744.4,43.9,11,0,1
23.5,60.7,211.9,0.531,482.5,43.3,22,0,1
26.7,77.6,196.3,0.52,347.1,9.2,0,0,0
50.8,101.7,202.6,0.422,149.8,3.5,2,0,0
29.7,60.9,157.7,0.467,745.0,35.7,11,0,1
17.6,47.1,229.2,0.454,1412.6,29.4,12,0,1
0.0,0.1,7.6,0.237,186.0,11.3,0,0,0
33.4,66.7,199.7,0.408,308.8,2.9,2,0,0
0.1,0.3,9.2,0.272,199.0,4.2,0,0,0
9.8,30.0,91.2,0.471,171.7,4.2,1,0,0
20.2,62.1,177.0,0.392,922.0,45.9,9,0,1
3.2,7.5,40.9,0.198,1356.0,23.1,4,0,0
1.8,6.4,25.5,0.286,96.7,0.7,0,0,0
10.3,22.6,95.9,0.551,967.2,34.4,1,0,1
6.9,24.3,87.9,0.516,100.0,6.0,1,0,0
16.0,27.0,95.0,0.484,52.2,12.3,1,0,0
28.3,42.1,140.3,0.409,1183.1,33.4,21,0,1
0.2,0.7,9.7,0.142,277.8,7.9,0,0,0
4.5,9.4,29.0,0.317,247.2,9.2,0,0,0
15.3,33.5,110.1,0.406,2189.7,36.3,25,1,0
5.2,15.2,55.8,0.354,791.9,23.6,2,0,0
0.3,1.2,3.4,0.246,217.9,6.9,0,0,0
0.5,3.1,7.9,0.288,64.6,3.1,0,0,0
42.2,76.8,147.0,0.45,299.8,9.8,2,0,0
11.7,23.3,98.6,0.503,1277.1,19.1,2,0,1
11.4,23.9,61.6,0.425,2142.1,55.1,9,0,1
10.0,23.8,77.2,0.518,2049.4,46.7,20,2,1
27.9,47.8,157.1,0.525,259.2,13.3,0,0,0
54.4,96.4,189.0,0.545,73.0,10.1,0,0,0
10.8,27.6,139.7,0.453,1217.4,21.9,1,0,1
10.4,24.2,57.4,0.572,2058.2,40.5,1,1,1
8.2,27.6,64.9,0.281,1353.6,27.1,1,0,0
25.5,35.7,141.6,0.535,2200.3,38.9,12,1,1
0.4,1.5,26.8,0.211,272.1,0.7,0,0,0
0.0,0.2,9.4,0.232,75.6,2.1,0,0,0
23.9,61.5,192.8,0.543,1601.3,57.8,25,0,1
11.8,19.4,56.7,0.404,2036.4,36.9,2,0,1
11.2,33.5,68.5,0.522,414.4,31.7,4,0,1
14.4,46.9,233.9,0.436,438.9,35.3,19,0,1
17.5,35.4,129.2,0.416,55.6,7.2,0,0,0
21.0,73.5,165.6,0.559,2777.0,36.4,7,0,1
22.5,50.4,105.4,0.545,202.1,9.1,1,0,0
19.5,34.6,234.2,0.557,698.2,47.1,5,0,1
40.1,73.8,226.5,0.523,1485.1,21.1,6,0,1
33.7,49.1,119.1,0.39,2148.0,31.4,11,0,1
1.4,6.8,18.7,0.247,102.3,11.4,0,0,0
0.6,1.6,7.6,0.12,269.3,7.1,0,0,0
10.6,34.2,190.2,0.547,1830.9,31.4,19,0,1
33.5,50.4,180.6,0.511,3104.9,56.3,1,0,1
12.1,20.7,225.9,0.577,1161.0,57.6,18,0,1
4.9,15.1,47.2,0.251,2318.7,28.2,3,0,0
11.3,21.9,208.0,0.416,2097.3,48.4,21,0,1
12.1,62.6,187.1,0.411,2110.8,45.0,9,0,1
1.5,3.5,20.9,0.191,1507.1,20.6,2,0,0
2.6,12.0,41.6,0.265,1750.0,33.6,4,0,0
0.0,0.1,16.6,0.271,250.1,8.2,0,0,0
20.1,45.7,122.8,0.523,320.6,5.7,0,0,0
16.9,45.3,75.7,0.563,1254.9,40.3,24,0,1
22.2,38.9,107.8,0.5,2884.9,47.4,20,0,1
5.1,11.1,73.2,0.205,1555.6,31.0,0,0,0
32.3,63.2,201.8,0.382,1093.8,23.8,1,0,1
5.1,24.5,65.7,0.232,1830.0,39.3,3,0,0
13.2,31.1,165.0,0.513,810.1,22.7,3,0,1
11.7,23.4,92.4,0.553,2554.6,30.4,3,0,0
1.6,14.8,46.9,0.265,1414.2,21.6,1,0,0
0.2,4.9,12.9,0.279,231.4,2.5,0,0,0
9.0,20.7,59.6,0.468,2056.7,33.6,2,0,1
0.8,2.2,23.8,0.221,86.2,7.7,0,0,0
17.5,27.6,76.5,0.449,1933.1,21.7,16,0,1
14.3,36.7,106.3,0.522,54.6,9.4,0,0,0
14.5,76.8,217.0,0.414,663.9,22.1,10,0,1
33.0,49.3,204.7,0.528,1949.6,27.5,23,0,1
0.4,2.1,9.6,0.157,169.3,0.5,0,0,0
10.8,42.9,223.0,0.445,1663.6,52.5,19,0,1
28.3,50.6,94.0,0.53,2005.2,38.2,21,0,1
20.3,39.4,114.4,0.535,1454.8,26.4,20,0,1
17.1,23.0,82.1,0.419,1741.8,50.9,12,0,1
9.9,16.5,77.6,0.398,660.3,57.7,6,0,1
0.2,1.1,26.3,0.199,219.7,1.0,0,0,0
1.5,4.3,30.3,0.253,1131.5,30.0,1,0,0
19.3,70.9,162.6,0.431,52.1,5.0,2,0,0
12.5,38.7,90.6,0.542,2600.2,57.1,7,0,1
28.8,61.6,146.4,0.507,3146.0,28.1,1,0,1
0.6,1.5,5.7,0.16,106.4,7.5,0,0,0
4.3,11.1,71.3,0.336,1773.1,21.0,1,0,0
22.8,46.5,234.5,0.386,478.6,51.5,12,0,1
17.4,36.1,179.4,0.424,1262.9,46.6,16,0,1
2.5,12.9,41.3,0.229,1871.6,34.6,3,0,0
25.7,44.4,130.2,0.435,142.4,1.9,1,0,0
18.1,31.2,169.6,0.579,687.6,48.6,20,0,1
11.0,34.7,148.3,0.39,1001.5,46.3,6,0,1
41.2,72.0,184.2,0.552,75.9,12.4,2,0,0
20.0,36.8,112.5,0.475,1143.4,19.5,5,1,1
18.9,64.8,125.7,0.489,341.9,8.8,0,0,0
24.6,64.3,144.0,0.431,1813.3,57.3,1,0,1
18.6,63.6,198.4,0.546,442.9,47.1,13,0,1
28.1,67.2,125.4,0.48,693.8,44.6,19,1,1
31.0,67.3,129.8,0.417,216.8,7.1,0,0,0
23.3,75.3,198.1,0.464,2967.9,22.0,6,0,1
13.8,50.2,165.2,0.501,2313.7,19.3,11,0,1
26.0,54.2,99.8,0.463,44.4,9.1,0,0,0
0.0,0.2,2.0,0.199,196.9,7.1,0,0,0
28.6,60.2,201.0,0.495,326.3,1.1,1,0,0
27.9,86.0,184.4,0.575,1870.9,22.9,1,0,1
0.9,6.1,38.6,0.265,899.6,31.6,3,0,0
0.5,1.2,26.6,0.137,96.5,1.4,0,0,0
0.2,0.5,20.5,0.228,242.8,9.8,0,0,0
19.3,64.0,207.7,0.535,2597.6,41.8,9,1,1
0.2,0.8,14.2,0.259,92.5,11.2,0,0,0
3.2,11.0,37.6,0.355,1600.8,30.2,3,0,0
8.5,19.6,70.2,0.42,2354.8,29.8,2,0,1
0.1,2.4,11.1,0.238,128.2,9.1,0,0,0
21.9,45.4,88.2,0.435,819.0,54.6,16,2,1
12.3,21.2,72.0,0.489,920.7,45.4,3,0,1
18.4,52.3,187.2,0.43,1666.6,19.6,13,0,1
0.5,1.3,18.0,0.291,246.0,4.5,0,0,0
19.7,61.3,159.7,0.415,1665.0,43.7,20,0,1
0.0,0.7,3.5,0.185,274.8,6.5,0,0,0
9.2,21.1,56.1,0.528,3166.5,48.3,3,0,1
14.5,33.3,88.0,0.398,1554.2,32.7,6,0,1
0.1,0.3,11.0,0.165,115.2,2.8,0,0,0
2.9,9.7,65.1,0.348,1935.9,32.8,4,0,0
4.9,11.2,70.8,0.182,1530.6,27.4,3,0,0
2.6,8.1,43.8,0.277,2324.2,20.7,3,0,0
0.1,0.5,27.5,0.256,230.1,9.2,0,0,0
7.8,15.7,43.9,0.319,1361.1,30.2,1,0,0
4.3,9.5,52.8,0.293,1163.3,36.3,2,0,0
13.4,24.1,59.2,0.437,1444.6,48.3,5,0,1
19.0,23.9,143.4,0.405,845.0,40.0,7,0,1
23.7,44.0,73.5,0.479,2356.8,33.1,11,0,1
1.5,8.3,21.6,0.299,214.8,3.0,0,0,0
21.1,53.7,192.7,0.533,92.1,7.0,1,0,0
0.6,4.1,29.0,0.232,241.8,2.7,0,0,0
3.3,7.6,31.6,0.262,971.2,21.3,1,0,0
22.2,66.4,222.7,0.516,1508.1,38.8,16,1,1
9.6,20.2,74.1,0.429,1183.4,42.2,16,0,1
2.0,4.7,13.8,0.226,198.7,2.7,0,0,0
6.8,28.2,64.1,0.275,2354.9,23.1,4,0,0
10.2,35.9,157.0,0.533,864.6,54.8,8,0,1
0.2,3.1,28.0,0.193,292.4,3.7,0,0,0
11.8,29.2,105.2,0.386,913.8,25.0,9,0,1
0.1,0.9,2.8,0.158,288.5,8.2,0,0,0
25.1,66.0,136.4,0.388,3151.1,23.4,10,0,1
0.1,0.5,3.2,0.179,267.3,6.2,0,0,0
11.9,62.7,189.5,0.509,1271.0,20.2,3,0,1
16.6,36.4,188.2,0.515,675.6,44.8,11,0,1
17.9,58.7,110.0,0.43,615.1,44.9,11,0,1
28.1,51.5,116.9,0.385,498.5,43.7,21,0,1
10.0,28.9,142.5,0.557,1536.2,50.3,25,0,1
0.1,1.1,11.5,0.242,56.4,5.7,0,0,0
0.1,5.3,19.6,0.312,223.9,11.6,0,0,0
28.5,58.5,103.7,0.469,475.0,53.9,7,0,1
30.1,88.7,169.8,0.515,208.3,7.4,0,0,0
1.1,10.8,29.9,0.186,932.4,21.2,4,0,0
4.3,17.1,64.4,0.265,898.9,38.3,0,0,0
10.6,86.6,148.6,0.444,1740.1,45.2,9,0,1
4.0,29.5,66.9,0.305,2329.8,23.7,4,0,0
0.0,0.9,3.9,0.217,216.3,11.5,0,0,0
0.4,1.0,25.5,0.276,143.0,3.9,0,0,0
0.1,0.3,2.4,0.319,246.8,10.2,0,0,0
3.3,8.7,38.2,0.235,894.6,38.1,1,0,0
11.6,31.9,107.5,0.493,1186.0,48.2,13,0,1
11.0,35.6,74.4,0.574,688.2,29.0,14,1,1
15.7,68.1,206.3,0.445,2596.3,31.4,14,1,1
0.2,0.8,29.9,0.244,171.1,7.0,0,0,0
0.9,4.2,18.5,0.135,177.3,9.7,0,0,0
27.7,95.3,195.5,0.54,282.6,2.3,2,0,0
16.1,39.4,233.2,0.448,1524.3,21.0,17,0,1
21.3,36.0,94.7,0.397,1686.3,52.9,23,0,1
44.0,74.6,189.4,0.506,2666.0,41.2,25,0,1
20.0,49.9,159.0,0.403,2446.7,38.0,13,1,1
11.9,68.4,204.7,0.393,1854.3,42.5,9,0,1
21.7,62.6,225.3,0.52,627.2,30.4,21,0,1
8.7,25.2,90.2,0.539,292.5,11.4,0,0,0
0.1,2.2,9.8,0.182,126.4,2.0,0,0,0
1.5,12.6,39.7,0.241,1889.5,34.6,3,0,0
26.3,43.2,160.9,0.41,2290.1,19.3,23,0,0
1.2,2.8,13.1,0.318,158.0,7.0,0,0,0
17.9,32.9,128.8,0.403,64.6,10.9,1,0,0
14.9,27.6,154.5,0.392,2575.7,26.9,7,0,1
8.9,18.2,51.9,0.565,850.8,47.1,10,0,1
5.6,18.6,41.7,0.333,1866.5,28.5,2,0,0
31.9,80.0,183.7,0.454,123.1,6.3,1,0,0
41.4,61.0,182.4,0.461,1325.1,55.7,24,0,1
12.4,26.0,68.6,0.311,1108.9,29.9,2,0,0
5.4,15.2,52.5,0.33,1290.7,23.5,1,0,0
9.5,20.9,174.1,0.547,2765.6,35.8,1,0,1
0.2,1.9,21.9,0.286,274.9,1.1,0,0,0
13.8,31.8,55.6,0.461,2347.6,45.4,14,0,1
13.6,42.0,137.9,0.5,775.4,56.3,6,1,1
23.7,39.2,84.6,0.471,2033.2,27.2,13,0,0
5.7,13.0,31.6,0.317,1316.6,28.9,1,0,0
17.5,51.6,168.5,0.417,2479.0,42.2,22,0,1
0.0,0.0,2.2,0.207,293.1,8.2,0,0,0
1.9,4.4,21.8,0.204,1386.9,21.0,3,0,0
31.7,55.3,126.2,0.512,191.4,8.0,1,0,0
22.4,74.7,148.7,0.498,270.5,10.5,1,0,0
10.5,14.7,58.4,0.565,1156.3,53.1,20,0,1
2.9,19.0,53.4,0.216,1186.9,25.1,4,0,0
17.5,64.1,169.3,0.536,308.2,8.4,1,0,0
2.0,12.5,58.2,0.283,2048.7,23.3,0,0,0
10.3,22.6,57.0,0.577,2169.5,22.4,9,0,1
25.1,54.9,126.2,0.423,294.5,12.9,2,0,0
0.0,2.5,6.9,0.258,146.5,5.5,0,0,0
0.0,0.2,4.1,0.318,103.9,10.6,0,0,0
10.9,34.9,177.8,0.475,2771.8,20.9,14,1,1
15.1,60.9,225.0,0.457,2061.6,53.3,17,1,1
9.8,28.2,98.3,0.537,285.1,13.8,1,0,0
12.8,49.1,155.2,0.548,1705.7,45.2,6,0,1
18.6,54.0,142.1,0.458,286.2,11.3,2,0,0
20.8,48.8,116.6,0.546,1208.2,31.3,17,0,1
3.4,9.5,43.7,0.35,2237.9,20.4,2,0,0
1.3,11.4,29.8,0.218,1288.7,36.9,0,0,0
0.1,7.1,24.9,0.267,65.8,5.1,0,0,0
16.1,33.0,111.5,0.529,1376.0,36.1,13,0,0
0.0,0.1,4.0,0.152,199.6,5.3,0,0,0
21.1,44.3,142.4,0.485,69.0,6.9,2,0,0
6.2,12.9,58.6,0.457,1633.5,40.0,20,0,1
11.7,38.3,190.7,0.453,2972.6,25.2,2,0,1
0.1,1.0,5.5,0.314,245.9,8.9,0,0,0
18.2,46.0,190.1,0.471,767.7,35.0,14,0,1
0.3,1.9,18.6,0.24,233.8,10.8,0,0,0
22.8,65.1,140.5,0.501,2379.0,52.8,19,0,1
0.2,0.6,1.8,0.303,114.7,10.7,0,0,0
19.8,68.7,200.2,0.383,997.2,35.6,16,0,1
0.6,3.2,12.7,0.236,51.6,10.8,0,0,0
23.1,36.7,131.2,0.472,2246.4,48.8,19,1,1
12.9,26.3,61.4,0.323,2131.5,24.4,4,0,0
24.5,54.0,107.8,0.522,115.6,9.1,0,0,0
0.1,1.0,9.6,0.277,200.2,10.4,0,0,0
17.5,35.0,109.7,0.565,2074.5,29.8,2,0,1
20.2,35.1,112.9,0.543,574.7,35.8,19,0,1
1.3,7.0,69.6,0.219,709.7,20.4,4,0,0
12.9,30.8,148.4,0.492,505.6,31.8,7,0,1
6.9,17.2,85.1,0.488,3122.3,46.0,23,0,1
5.7,14.2,61.0,0.255,1622.1,26.2,3,0,0
2.1,5.7,14.4,0.209,193.9,5.4,0,0,0
20.8,34.9,110.2,0.469,2809.0,32.5,19,0,1
0.7,1.5,4.0,0.309,293.5,2.6,0,0,0
31.0,53.6,121.2,0.458,191.7,13.7,2,0,0
29.3,51.1,102.7,0.424,66.0,11.5,1,0,0
27.8,49.0,112.0,0.441,726.1,49.6,6,0,1
0.0,0.1,5.0,0.168,217.8,10.6,0,0,0
19.5,41.7,149.6,0.506,348.4,12.6,0,0,0
0.7,1.6,5.9,0.189,248.3,3.2,0,0,0
12.7,35.5,133.9,0.519,284.9,5.2,2,0,0
26.1,36.2,61.1,0.531,2034.7,51.9,3,0,1
2.4,5.9,16.8,0.298,132.1,8.7,0,0,0
36.6,77.1,147.2,0.555,248.8,4.0,2,0,0
30.2,54.9,115.6,0.539,248.1,3.5,2,0,0
10.8,23.8,77.5,0.572,1173.0,25.2,5,2,0
16.6,27.2,94.0,0.458,2343.9,44.6,11,0,0
22.9,37.5,88.1,0.498,1756.1,48.9,7,0,1
26.1,44.7,164.9,0.473,461.4,21.6,21,1,1
16.2,43.8,90.7,0.569,1829.0,23.2,1,0,1
19.9,56.2,192.2,0.446,107.1,9.8,0,0,0
14.5,48.6,101.7,0.473,2017.2,53.0,23,1,1
26.4,34.1,221.3,0.461,1001.0,47.1,5,0,0
10.8,57.2,170.3,0.501,3148.7,20.4,12,0,0
11.2,23.4,67.3,0.217,1587.3,40.3,3,0,0
48.7,83.8,168.4,0.45,138.8,11.1,1,0,0
27.2,77.9,134.2,0.489,3136.9,32.3,13,0,1
27.4,63.7,169.8,0.384,533.7,54.1,15,0,1
17.7,23.1,77.1,0.418,949.7,30.7,19,0,1
16.5,31.3,121.0,0.533,121.3,6.4,1,0,0
1.7,3.9,29.6,0.313,724.2,27.6,2,0,0
9.0,28.6,96.2,0.442,332.1,5.8,1,0,0
21.1,78.0,183.9,0.436,2203.0,57.5,11,0,1
21.1,67.8,201.6,0.382,3052.0,21.4,24,0,1
16.9,33.1,141.0,0.539,1060.1,57.8,18,0,1
16.5,28.0,71.5,0.407,1826.2,39.6,8,0,1
21.8,43.1,114.6,0.413,937.7,43.0,20,0,1
43.6,84.1,190.3,0.436,308.2,12.0,1,0,0
2.8,10.6,38.0,0.273,1913.3,25.0,1,0,0
1.0,8.5,25.8,0.217,96.5,4.5,0,0,0
18.0,33.3,89.6,0.388,1750.3,19.3,11,0,1
28.9,67.4,226.2,0.555,2489.2,50.3,2,0,1
8.3,26.1,72.3,0.22,1088.6,40.7,2,0,0
29.8,59.9,150.2,0.42,1262.9,35.9,7,0,1
36.3,75.7,181.4,0.487,2168.8,21.4,25,0,1
12.4,40.4,147.7,0.548,2489.2,57.9,25,0,0
11.9,21.0,119.5,0.515,2266.2,41.4,21,1,1
40.9,60.2,227.1,0.53,1343.4,46.4,21,0,1
28.4,75.3,158.1,0.467,64.4,10.0,2,0,0
6.4,13.2,37.2,0.235,919.9,23.2,3,0,0
11.4,72.7,230.1,0.576,3057.2,41.9,20,1,1
17.6,41.4,131.0,0.413,302.2,8.9,0,0,0
12.7,25.8,73.6,0.542,1076.2,37.8,18,0,1
20.8,52.5,93.7,0.565,2300.6,29.2,18,0,0
16.9,24.5,55.0,0.393,2139.3,56.9,16,0,1
2.3,8.8,32.6,0.294,2301.5,20.3,4,0,0
1.4,4.3,42.3,0.334,766.2,32.5,1,0,0
13.4,30.3,106.0,0.452,311.8,11.5,0,0,0
15.4,30.1,63.8,0.528,972.6,21.9,9,0,1
2.4,10.9,27.4,0.123,227.9,11.0,0,0,0
35.1,72.7,182.4,0.439,3113.3,39.7,5,0,1
30.6,49.9,237.7,0.401,1039.0,22.9,15,0,1
21.8,70.2,145.9,0.488,2969.1,21.8,19,0,1
10.4,70.2,220.7,0.451,2431.9,29.2,9,2,1
10.6,33.2,234.4,0.5,406.8,37.1,11,1,1
27.7,83.2,205.9,0.404,2799.3,31.2,14,0,1
10.2,59.8,219.5,0.527,994.9,53.1,10,0,1
27.9,45.2,130.1,0.456,797.4,35.8,11,0,1
46.4,85.9,190.7,0.46,171.2,10.4,2,0,0
7.5,18.7,48.6,0.283,2289.1,23.3,3,0,0
4.1,22.6,67.2,0.336,956.8,29.0,0,0,0
11.6,35.6,138.2,0.41,2754.8,54.5,16,0,1
14.0,29.5,110.4,0.516,346.4,5.2,1,0,0
12.7,61.2,238.9,0.4,2417.9,37.5,11,0,1
6.8,21.9,53.0,0.487,1167.1,38.1,23,0,1
0.5,2.6,15.9,0.264,142.4,5.9,0,0,0
16.6,55.3,147.6,0.468,221.2,6.2,0,0,0
43.5,84.8,170.6,0.499,298.1,5.3,0,0,0
25.9,90.7,164.7,0.403,2655.8,35.2,6,0,1
27.5,56.6,162.8,0.482,2026.0,55.8,4,0,1
22.0,36.8,62.3,0.405,2738.6,47.0,9,0,1
2.2,6.5,25.8,0.121,93.4,6.3,0,0,0
3.4,7.3,18.8,0.222,253.8,10.3,0,0,0
28.4,40.3,189.4,0.477,1591.4,47.2,9,0,1
3.0,16.1,67.9,0.275,2290.9,20.2,4,0,0
28.6,61.1,211.2,0.578,2509.5,33.6,17,0,1
9.0,26.1,87.9,0.381,2606.0,27.3,2,0,1
29.1,43.2,105.9,0.506,2567.4,31.5,16,1,1
26.5,46.5,87.9,0.552,163.8,11.5,0,0,0
16.2,30.6,124.6,0.515,2631.7,54.7,19,0,1
3.1,6.6,42.6,0.242,1418.0,20.2,0,0,0
1.2,6.2,42.9,0.358,2261.4,39.5,3,0,0
40.2,78.5,195.8,0.472,328.0,6.2,0,0,0
9.9,30.8,80.8,0.381,985.6,27.2,20,0,1
36.7,65.5,165.3,0.388,657.2,51.5,21,2,1
27.0,81.5,196.9,0.459,554.2,37.5,24,2,0
0.6,1.5,5.8,0.194,168.2,7.2,0,0,0
1.2,2.7,13.1,0.168,267.8,2.2,0,0,0
26.0,80.5,196.0,0.545,369.2,18.4,12,0,1
16.4,39.3,194.0,0.492,2535.9,34.1,5,1,1
24.6,86.3,184.7,0.423,243.6,8.5,1,0,0
13.8,19.1,52.6,0.569,2196.0,24.2,23,0,1
25.1,53.9,137.5,0.455,160.7,2.5,0,0,0
0.2,7.2,23.4,0.21,183.5,5.5,0,0,0
8.7,23.1,66.7,0.292,2158.3,32.7,2,0,0
20.4,37.9,127.6,0.429,273.7,6.6,2,0,0
0.4,2.6,15.9,0.229,59.7,5.4,0,0,0
19.5,26.8,51.4,0.569,2734.1,35.4,21,0,1
15.1,23.3,72.4,0.464,742.9,33.3,6,0,1
14.2,51.8,116.9,0.456,141.4,10.2,2,0,0
29.7,64.5,139.8,0.518,1047.5,22.8,9,0,1
0.7,6.9,26.7,0.204,77.0,10.0,0,0,0
10.9,33.9,94.9,0.55,139.9,5.5,2,0,0
0.1,1.4,3.8,0.296,241.0,4.6,0,0,0
18.8,24.2,205.1,0.549,2622.6,32.2,6,0,1
35.3,76.1,189.9,0.539,3141.7,18.6,21,0,1
0.4,1.0,8.3,0.155,226.0,0.8,0,0,0
3.7,15.7,42.3,0.212,1290.6,41.1,2,0,0
30.3,54.9,204.1,0.468,2298.3,45.7,24,0,1
34.4,85.4,159.7,0.479,58.4,5.4,2,0,0
23.1,62.8,135.6,0.486,488.4,55.4,19,0,1
3.6,16.9,48.4,0.188,1261.8,31.2,1,0,0
11.8,25.2,186.3,0.534,1587.1,33.7,2,0,1
9.7,22.2,91.4,0.553,509.4,39.3,23,1,1
18.8,37.3,221.6,0.418,1064.3,48.2,25,0,1
21.3,40.5,74.7,0.515,1542.2,34.3,5,0,1
17.3,27.0,168.1,0.46,3092.6,28.9,13,0,1
28.8,42.4,124.1,0.388,1499.3,27.2,22,0,1
21.3,31.8,65.6,0.503,1433.5,39.7,9,0,1
0.7,6.5,27.7,0.278,72.4,10.0,0,0,0
23.9,74.3,208.7,0.543,1269.6,43.1,20,0,1
14.4,62.2,207.3,0.528,1032.0,20.0,17,0,1
11.5,37.6,180.8,0.402,1986.3,37.8,3,0,1
30.1,55.5,171.6,0.459,256.3,5.0,1,0,0
16.8,41.3,102.1,0.4,239.5,5.5,2,0,0
13.0,20.9,76.6,0.542,2789.5,21.9,21,2,1
0.0,0.1,0.7,0.273,153.0,7.3,0,0,0
11.8,49.0,222.6,0.447,722.8,57.2,6,0,1
29.6,59.2,139.8,0.432,101.8,6.4,1,0,0
11.4,75.2,173.7,0.543,2148.2,45.1,23,0,1
22.9,71.3,239.8,0.414,3001.0,48.5,8,0,1
20.4,63.5,180.0,0.392,2386.5,28.4,9,0,1
14.6,52.7,115.7,0.56,891.7,19.8,14,0,1
1.9,4.0,25.7,0.239,175.7,11.6,0,0,0
24.9,40.5,166.3,0.477,2312.7,55.4,23,0,1
17.7,32.4,237.0,0.437,3162.3,52.3,8,0,1
14.9,48.8,100.6,0.414,257.1,5.2,2,0,0
3.5,7.4,44.8,0.258,1142.0,25.4,4,0,0
0.4,1.7,7.1,0.287,235.9,1.7,0,0,0
1.4,13.2,38.6,0.268,1025.0,22.2,1,0,0
13.2,23.1,93.3,0.515,1062.6,47.8,25,0,1
29.3,58.2,194.2,0.525,189.1,3.9,1,0,0
2.5,8.0,65.6,0.336,1411.0,39.4,0,0,0
10.3,35.7,93.2,0.401,331.6,12.1,2,0,0
17.0,39.6,239.9,0.552,1784.9,50.3,11,0,1
15.0,43.0,106.3,0.42,99.7,2.1,0,0,0
17.2,39.0,99.2,0.548,47.5,9.2,1,0,0
30.9,41.3,72.5,0.416,1861.9,42.0,22,0,1
8.2,17.9,42.2,0.321,1261.9,26.5,0,0,0
12.0,28.6,96.3,0.552,226.1,11.8,0,0,0
32.4,49.4,221.5,0.484,1192.8,34.1,22,0,1
1.5,8.8,31.0,0.318,752.3,41.8,3,0,0
0.5,8.2,24.1,0.212,122.2,5.8,0,0,0
25.8,57.8,238.3,0.542,2335.5,21.9,16,0,1
4.3,15.7,55.0,0.314,1140.6,35.8,4,0,0
0.2,0.4,7.3,0.138,148.1,3.0,0,0,0
1.1,10.3,27.4,0.271,1316.2,22.8,4,0,0
23.0,47.8,88.8,0.546,122.9,5.4,1,0,0
6.5,28.6,67.8,0.317,2067.9,40.6,3,0,0
17.0,32.5,134.7,0.525,2948.1,42.6,14,0,1
0.5,1.3,10.7,0.234,99.9,3.8,0,0,0
15.5,26.5,123.8,0.525,983.7,39.4,16,1,1
9.9,24.9,66.0,0.415,2478.5,51.5,1,0,1
31.3,49.5,165.9,0.517,1886.7,41.2,20,0,1
11.3,21.8,95.0,0.469,705.8,57.0,2,0,1
2.9,7.1,41.9,0.321,1395.6,24.0,2,0,0
20.8,59.8,143.2,0.442,86.6,13.5,1,0,0
23.4,32.5,57.1,0.387,2733.2,49.5,6,1,1
21.9,43.1,199.5,0.53,1002.7,47.3,11,0,1
20.1,43.6,87.5,0.463,320.5,10.0,2,0,0
1.2,4.4,23.2,0.123,243.3,9.2,0,0,0
1.3,4.9,16.0,0.292,117.4,3.4,0,0,0
22.2,37.6,116.5,0.469,225.1,5.4,2,0,0
0.1,1.4,9.8,0.133,134.0,1.1,0,0,0
15.1,44.2,175.8,0.509,1286.2,23.1,23,0,1
33.3,60.1,117.2,0.412,218.4,4.9,2,0,0
28.9,48.3,137.7,0.418,51.9,2.7,2,0,0
9.5,25.8,52.4,0.51,608.6,37.2,10,0,1
19.8,31.1,236.9,0.515,1512.3,56.5,3,0,1
0.0,2.6,17.7,0.166,237.7,1.3,0,0,0
3.5,12.3,60.5,0.352,1540.6,26.1,3,0,0
10.2,39.2,192.0,0.442,618.2,32.8,9,0,0
16.8,33.9,141.2,0.438,1082.7,24.5,14,0,1
21.0,55.7,100.2,0.422,1327.2,45.5,9,0,1
2.9,11.7,28.7,0.232,2106.9,28.9,4,0,0
3.8,8.4,20.0,0.329,694.7,32.8,3,0,0
7.7,23.1,194.4,0.487,713.2,21.8,24,0,1
18.5,55.9,226.2,0.479,2915.9,38.7,5,1,0
1.4,12.1,29.3,0.296,1900.6,28.3,4,0,0
18.2,46.8,204.4,0.519,374.0,36.5,7,0,1
19.9,45.5,158.9,0.417,1779.5,19.8,13,1,1
18.7,50.0,186.5,0.559,2802.3,53.4,25,0,1
4.9,11.4,73.0,0.25,668.5,41.9,4,0,0
1.9,8.6,46.4,0.285,1184.2,40.6,2,0,0
17.2,55.5,105.2,0.425,171.8,6.7,2,0,0
25.1,49.6,187.9,0.435,243.1,10.3,1,0,0
17.6,39.8,139.7,0.404,2415.6,34.6,1,1,1
0.4,1.5,4.7,0.229,111.6,4.5,0,0,0
1.6,13.2,61.6,0.339,1708.4,33.5,4,0,0
19.0,54.1,141.0,0.437,2433.3,56.5,13,2,1
16.9,64.6,155.1,0.434,331.4,9.3,0,0,0
1.1,7.3,40.7,0.326,887.8,26.1,3,0,0
7.9,17.3,51.5,0.285,1730.3,32.1,1,0,0
16.6,53.2,175.8,0.456,1940.5,47.6,7,0,1
0.2,1.3,8.8,0.293,246.4,9.0,0,0,0
4.5,10.6,30.7,0.27,707.6,35.9,4,0,0
31.0,47.2,85.0,0.548,561.8,50.7,2,0,1
2.2,12.2,27.8,0.275,1582.9,30.6,2,0,0
14.6,40.4,196.8,0.511,723.9,47.6,9,1,1
40.7,66.8,193.7,0.495,1421.2,49.2,10,0,1
1.9,5.7,20.3,0.32,2398.7,22.7,0,0,0
26.6,44.8,156.6,0.469,816.8,47.1,14,0,1
18.5,36.7,97.8,0.449,2609.1,53.5,1,0,1
12.6,37.7,178.3,0.435,1960.4,50.1,18,0,0
4.5,18.4,44.2,0.296,1544.6,33.6,1,0,0
29.8,39.9,208.6,0.543,2255.0,41.2,13,0,1
0.4,1.0,15.4,0.258,65.2,11.9,0,0,0
0.6,1.7,15.9,0.218,76.1,3.2,0,0,0
1.7,5.7,20.7,0.296,731.9,41.8,2,0,0
14.7,35.6,173.8,0.552,2331.4,18.2,15,0,1
18.3,27.4,198.0,0.455,978.9,36.8,16,0,1
44.2,70.7,194.3,0.398,1838.3,23.8,12,0,1
0.0,6.5,29.3,0.309,274.3,4.7,0,0,0
44.4,59.7,122.5,0.382,2404.1,45.3,18,0,1
38.2,99.7,190.6,0.514,298.1,3.6,0,0,0
28.4,44.2,165.9,0.385,2063.8,49.6,13,0,1
3.8,10.5,30.0,0.142,103.3,8.8,0,0,0
26.7,63.0,213.8,0.403,409.4,31.0,20,0,1
13.4,41.5,151.8,0.5,203.4,8.0,2,0,0
13.9,42.8,76.6,0.557,736.6,36.1,22,1,1
5.0,12.0,60.8,0.326,1855.3,37.2,0,0,0
2.3,4.9,28.7,0.316,1623.2,35.3,2,0,0
23.9,43.7,165.4,0.518,286.9,5.8,1,0,0
12.0,36.5,130.1,0.543,1289.4,48.3,2,0,1
30.3,43.4,160.9,0.478,2866.1,34.9,24,0,1
31.6,56.8,195.2,0.474,1952.4,24.3,2,0,1
16.5,32.4,143.7,0.395,1067.3,27.9,21,0,1
10.6,21.6,152.6,0.447,1355.2,48.6,3,0,1
21.0,41.8,101.3,0.398,2941.3,49.1,5,1,1
0.7,3.7,22.7,0.314,1460.9,30.4,0,0,0
10.5,33.5,227.4,0.456,609.4,57.2,18,0,1
15.0,48.3,203.5,0.533,2186.8,19.7,8,0,1
9.3,25.0,119.9,0.522,1893.3,27.1,13,0,1
29.6,90.7,228.2,0.467,3186.1,29.0,22,0,1
3.4,14.4,35.1,0.271,2011.9,36.2,4,0,0
0.4,1.8,10.0,0.175,62.5,4.6,0,0,0
5.2,11.7,34.9,0.265,1965.5,31.1,3,0,0
16.1,24.1,74.2,0.498,891.1,33.5,14,0,1
8.4,25.4,65.5,0.53,2188.5,38.4,16,0,1
0.9,4.8,12.6,0.24,99.1,0.6,0,0,0
13.8,26.7,58.2,0.541,2511.5,19.7,24,0,1
20.1,76.8,202.7,0.509,323.8,10.9,0,0,0
8.9,15.9,78.4,0.414,1401.2,26.4,3,0,1
15.8,48.9,172.2,0.532,194.9,6.5,1,0,0
0.8,1.8,14.6,0.31,243.0,8.0,0,0,0
15.7,34.0,69.3,0.432,2808.5,39.1,21,0,1
36.0,69.4,143.2,0.446,156.8,6.7,1,0,0
7.6,19.2,79.8,0.524,2430.4,28.6,10,0,1
26.1,55.3,139.1,0.51,336.8,10.2,1,0,0
13.6,44.8,89.8,0.478,626.1,48.9,14,0,1
6.0,18.3,68.8,0.231,746.3,20.4,4,0,0
0.2,1.1,17.0,0.276,260.0,7.9,0,0,0
18.4,28.3,102.5,0.405,2616.7,40.7,12,0,1
1.6,4.2,29.4,0.285,151.7,6.7,0,0,0
15.6,51.9,160.3,0.553,278.6,4.4,2,0,0
1.6,3.3,15.1,0.184,107.0,11.1,0,0,0
17.2,30.5,195.4,0.474,2409.3,35.8,21,0,1
32.5,56.0,181.1,0.524,1170.2,40.9,18,0,1
24.4,57.9,125.5,0.519,274.2,12.4,1,0,0
30.1,61.6,140.6,0.528,153.0,1.6,0,0,0
0.2,0.6,21.6,0.304,135.6,5.4,0,0,0
37.9,75.8,208.3,0.431,182.3,3.6,2,0,0
0.1,2.8,14.7,0.24,242.6,2.0,0,0,0
0.6,2.8,12.6,0.182,216.3,5.5,0,0,0
26.4,52.8,101.9,0.571,1316.3,25.5,23,0,1
2.5,6.2,16.8,0.195,125.2,0.9,0,0,0
3.5,13.0,68.3,0.264,1823.0,28.5,1,0,0
0.0,0.2,18.5,0.311,173.1,9.3,0,0,0
15.5,68.7,158.4,0.521,877.1,52.9,21,0,1
1.4,9.2,33.8,0.216,1209.9,25.0,3,0,0
15.5,40.2,166.4,0.472,709.9,52.5,25,0,1
17.2,27.3,119.3,0.447,1269.4,57.0,24,1,1
0.0,0.1,3.0,0.276,285.4,1.6,0,0,0
20.6,44.1,103.8,0.419,2961.0,18.2,17,0,1
0.1,0.6,1.9,0.302,236.9,9.4,0,0,0
0.4,1.2,5.7,0.12,140.9,5.9,0,0,0
25.0,60.1,117.4,0.506,65.7,12.2,2,0,0
1.5,3.9,10.6,0.224,277.5,8.8,0,0,0
12.1,30.7,58.2,0.47,2293.8,51.3,13,0,1
4.1,21.0,52.3,0.321,1067.4,38.6,3,0,0
0.6,5.2,16.2,0.315,149.0,7.6,0,0,0
31.4,77.1,218.1,0.458,2798.3,37.8,15,0,1
1.5,3.3,24.5,0.237,1791.9,32.2,2,0,0
2.1,11.4,29.2,0.227,1521.1,29.0,4,0,0
20.8,41.5,180.6,0.48,1402.0,28.6,23,0,1
17.8,27.4,136.2,0.51,2541.5,46.8,7,0,1
11.0,29.2,216.8,0.554,2784.4,26.3,2,0,1
31.1,48.4,226.9,0.393,1113.2,24.2,3,0,1
2.1,17.7,75.0,0.184,1674.1,38.5,4,0,0
26.1,47.9,162.6,0.384,1806.2,21.8,25,0,1
11.0,33.8,90.7,0.466,3095.6,29.9,7,0,1
1.4,3.8,26.4,0.31,61.8,8.3,0,0,0
19.5,69.5,147.3,0.433,42.7,5.4,2,0,0
34.6,67.3,163.1,0.497,45.0,9.1,0,0,0
0.8,3.7,14.6,0.274,69.1,2.6,0,0,0
2.7,7.6,43.0,0.249,2339.5,22.4,0,0,0
36.8,69.8,186.5,0.404,2383.7,25.6,9,0,1
0.3,1.0,10.1,0.249,187.8,1.6,0,0,0
13.1,31.1,91.0,0.448,568.7,28.2,2,0,1
2.5,6.3,17.5,0.175,290.4,4.1,0,0,0
27.4,53.0,181.4,0.523,1064.7,56.8,21,0,1
17.1,31.7,57.5,0.497,3165.2,32.5,15,0,1
15.3,34.9,176.2,0.482,511.6,50.9,1,0,1
0.1,1.3,4.7,0.292,98.7,5.8,0,0,0
26.1,62.6,179.8,0.502,93.5,4.7,0,0,0
5.2,11.9,32.5,0.3,1295.9,39.6,4,0,0
0.5,1.3,5.0,0.295,131.7,2.5,0,0,0
0.4,1.4,4.9,0.202,180.5,10.9,0,0,0
22.7,38.4,79.3,0.401,364.8,30.3,12,0,1
17.4,30.1,197.0,0.51,908.9,42.6,24,0,1
38.1,63.2,191.8,0.465,646.7,49.7,18,0,1
21.7,27.4,112.2,0.579,934.8,19.5,13,0,1
0.0,0.2,2.2,0.171,274.7,2.6,0,0,0
0.0,0.2,0.9,0.198,185.3,8.4,0,0,0
24.8,55.2,132.7,0.483,118.8,9.5,0,0,0
11.9,35.8,119.5,0.437,266.3,8.5,0,0,0
3.3,7.9,20.2,0.357,984.2,23.4,3,0,0
13.8,24.8,66.6,0.398,1929.5,41.9,11,1,0
25.1,66.3,165.3,0.545,320.1,7.4,1,0,0
13.6,38.0,120.2,0.455,1187.8,19.1,5,0,1
14.1,72.8,207.4,0.492,2917.3,24.1,14,0,1
3.7,10.4,74.5,0.251,2281.9,31.7,0,0,0
12.7,85.4,186.6,0.506,2974.6,57.9,24,0,1
2.4,19.2,64.8,0.268,2215.0,41.1,2,0,0
15.6,37.8,70.6,0.535,1575.1,40.6,2,0,1
18.2,41.2,140.7,0.462,888.7,46.4,1,0,1
23.0,54.3,145.6,0.403,334.2,4.6,2,0,0
16.7,53.3,197.8,0.48,892.1,54.9,24,1,1
17.5,39.6,112.1,0.551,3165.7,54.5,10,0,1
2.6,5.5,17.1,0.252,142.1,5.4,0,0,0
41.0,73.0,208.9,0.424,1350.7,34.3,25,2,1
10.1,20.5,140.7,0.433,1289.4,41.3,19,0,1
0.8,7.2,66.6,0.182,1886.8,22.3,1,0,0
16.8,43.3,211.0,0.43,608.6,28.4,7,0,1
1.6,14.4,58.2,0.275,1430.5,34.5,2,0,0
40.3,61.9,157.0,0.523,2466.2,29.5,3,0,1
27.3,41.5,94.2,0.464,1630.2,29.1,1,0,1
19.1,61.6,157.3,0.446,2961.1,49.8,3,2,1
26.1,49.2,194.1,0.461,1924.8,52.6,1,0,1
26.5,51.8,175.7,0.516,146.5,7.8,1,0,0
0.0,0.8,2.7,0.21,90.1,1.8,0,0,0
33.7,52.4,194.6,0.412,1427.5,24.9,2,0,1
3.7,7.9,23.8,0.153,253.8,7.5,0,0,0
0.6,1.3,25.5,0.169,229.5,1.0,0,0,0
24.9,65.8,199.3,0.576,2212.4,49.5,25,0,1
19.8,36.3,182.6,0.491,3186.7,21.1,4,0,1
7.7,22.1,50.0,0.475,2723.3,35.8,2,1,1
10.5,27.6,126.7,0.401,3012.6,37.1,25,0,1
20.5,63.4,205.1,0.393,3183.3,55.4,3,2,1
31.1,73.9,140.9,0.423,341.4,5.1,2,0,0
0.9,3.5,11.4,0.173,129.0,9.6,0,0,0
12.8,28.0,128.1,0.516,2537.5,41.1,19,0,1
20.4,56.0,151.6,0.572,1681.9,57.7,8,0,0
17.6,49.1,137.7,0.471,101.9,2.1,1,0,0
15.7,40.3,196.4,0.448,1776.3,51.4,18,0,1
16.4,38.9,84.8,0.434,1969.3,39.5,5,0,1
28.5,40.3,117.9,0.563,425.3,48.7,3,0,1
49.4,72.8,185.6,0.423,1638.5,39.5,22,0,1
0.1,2.1,5.9,0.309,88.5,8.7,0,0,0
36.4,76.1,147.1,0.437,2242.0,42.8,3,0,1
19.7,40.9,75.1,0.533,3070.2,48.8,1,0,0
1.5,6.7,20.0,0.261,115.5,10.4,0,0,0
0.2,0.9,2.7,0.285,151.6,7.5,0,0,0
0.0,0.1,3.3,0.301,286.3,9.1,0,0,0
0.0,0.2,0.4,0.26,297.0,1.5,0,0,0
1.2,3.0,8.1,0.129,185.0,5.8,0,0,0
3.7,12.0,55.3,0.328,1472.2,20.1,1,0,0
10.7,29.8,94.2,0.539,2451.8,26.3,20,2,1
17.0,47.7,211.6,0.567,2975.9,30.9,10,0,0
3.8,25.0,63.6,0.306,996.3,33.5,4,0,0
1.5,5.8,15.1,0.223,147.1,1.2,0,0,0
0.2,1.2,4.2,0.147,78.7,8.9,0,0,0
21.8,59.1,158.5,0.402,2363.0,51.8,15,1,1
16.2,31.4,60.8,0.401,1421.1,40.8,3,0,1
26.0,58.2,204.0,0.46,2649.9,27.4,10,0,1
3.1,7.0,21.7,0.335,1417.7,28.8,4,0,0
7.4,16.9,49.7,0.315,1433.0,21.5,4,0,0
4.6,11.0,49.3,0.348,1330.3,36.7,2,0,0
11.5,24.4,85.7,0.465,1162.1,33.5,16,0,1
0.0,0.6,4.1,0.138,232.2,7.4,0,0,0
24.5,48.4,102.4,0.476,1405.1,40.2,9,2,1
22.5,32.8,104.6,0.533,536.1,36.2,10,0,1
29.4,83.7,234.1,0.423,1493.0,20.3,13,0,1
22.7,44.1,172.2,0.43,317.4,1.0,1,0,0
24.7,34.5,130.1,0.397,2305.3,22.1,13,0,0
8.5,20.3,198.7,0.486,622.7,32.5,25,2,1
25.5,71.7,220.0,0.413,1980.9,56.6,8,0,1
26.8,62.6,153.4,0.568,2458.2,45.4,11,0,1
35.3,92.3,206.3,0.525,349.6,3.2,2,0,0
27.1,84.6,190.1,0.503,2586.8,50.5,2,0,1
0.1,1.8,22.8,0.319,205.9,3.2,0,0,0
9.4,31.9,122.6,0.409,307.3,12.2,2,0,0
0.0,0.1,0.4,0.121,137.1,11.3,0,0,0
34.3,76.4,188.9,0.51,178.7,6.2,1,0,0
15.0,24.7,96.0,0.463,2243.5,21.4,12,0,1
26.8,55.9,120.7,0.411,3178.5,35.3,1,2,1
20.1,36.2,165.3,0.402,2282.9,41.7,17,0,0
22.1,56.0,113.7,0.546,97.3,4.1,1,0,0
12.4,34.9,110.6,0.509,62.2,6.9,0,0,0
1.1,3.7,15.9,0.279,281.6,7.1,0,0,0
21.9,55.1,134.6,0.542,168.9,7.2,1,0,0
20.5,43.2,149.5,0.541,1609.3,32.6,9,0,0
3.7,9.1,28.4,0.279,279.3,0.7,0,0,0
15.9,33.6,94.0,0.45,74.6,6.2,2,0,0
13.2,20.1,69.2,0.4,2441.7,53.2,9,0,1
12.3,30.3,137.7,0.532,1430.5,48.1,14,0,1
41.4,103.5,195.9,0.452,77.3,10.7,0,0,0
4.6,13.3,66.6,0.32,1488.1,20.6,4,0,0
1.7,4.2,21.9,0.222,75.4,7.0,0,0,0
3.4,9.6,24.7,0.322,1135.5,21.2,3,0,0
7.4,28.0,68.4,0.278,1519.1,38.6,4,0,0
0.3,1.3,13.2,0.199,255.8,1.4,0,0,0
20.7,68.1,237.4,0.454,1076.2,22.0,22,0,1
5.0,17.6,56.4,0.188,1884.9,21.0,3,0,0
40.2,68.1,177.9,0.497,2347.5,20.9,17,0,1
24.1,31.1,178.9,0.548,2989.1,21.8,16,0,0
35.4,66.8,178.5,0.461,244.9,8.7,0,0,0
17.7,43.2,153.0,0.44,117.6,2.2,0,0,0
15.3,45.4,122.9,0.39,3003.5,36.8,12,2,1
13.7,47.9,108.9,0.482,107.3,5.0,1,0,0
16.3,49.9,120.5,0.501,462.7,20.9,25,0,1
13.2,25.0,207.3,0.569,2235.5,18.4,20,0,1
13.9,47.2,164.0,0.512,356.3,32.2,21,2,1
16.4,26.7,78.3,0.457,2915.7,31.6,2,2,1
20.7,36.2,172.1,0.416,2352.7,30.4,11,0,1
10.4,28.1,71.5,0.577,3153.5,49.2,15,0,1
45.9,93.6,193.8,0.572,2878.8,22.7,5,1,1
25.7,43.5,126.1,0.519,1645.6,51.9,4,0,1
12.6,27.1,74.9,0.23,2060.4,40.3,1,0,0
23.5,68.8,201.8,0.425,58.6,5.2,0,0,0
25.0,47.5,110.6,0.572,1494.9,48.9,10,0,1
12.0,27.6,104.6,0.55,151.1,3.4,0,0,0
11.7,37.7,226.3,0.532,839.8,56.7,13,0,1
1.4,4.3,14.1,0.191,85.3,5.5,0,0,0
24.7,38.9,134.2,0.498,2454.6,25.9,24,2,1
16.1,22.4,114.7,0.442,2693.2,29.7,4,0,1
10.7,16.9,66.5,0.541,2471.2,26.9,3,0,1
1.8,4.4,17.5,0.313,188.8,5.4,0,0,0
38.6,67.3,126.1,0.467,197.5,1.9,0,0,0
0.0,0.4,1.6,0.125,229.3,4.8,0,0,0
13.9,68.2,138.7,0.461,1317.0,52.5,8,0,1
9.5,34.8,138.3,0.422,286.1,3.0,0,0,0
15.1,29.4,126.0,0.487,551.1,47.3,21,0,1
15.3,24.2,158.0,0.393,543.5,24.1,17,0,1
3.7,8.7,48.1,0.28,759.4,32.4,4,0,0
10.3,28.7,183.3,0.561,1352.6,31.7,2,0,1
8.8,29.4,74.9,0.291,939.8,26.6,1,0,0
14.8,42.7,96.5,0.463,245.6,8.8,1,0,0
22.3,46.1,210.8,0.403,1593.0,37.3,17,1,1
21.1,48.7,105.6,0.481,503.9,54.0,23,2,1
49.9,90.2,193.7,0.453,343.5,3.7,0,0,0
40.8,73.9,219.4,0.49,2907.0,47.7,16,0,1
7.9,24.9,68.3,0.351,871.5,27.4,3,0,0
11.4,22.8,137.5,0.529,1580.6,54.3,7,0,0
20.5,36.3,133.2,0.525,48.4,3.6,1,0,0
0.4,1.1,4.7,0.237,222.0,4.9,0,0,0
0.8,6.5,26.4,0.212,1736.8,27.2,4,0,0
4.9,15.0,41.3,0.217,1823.5,23.7,4,0,0
22.5,49.9,128.6,0.443,1076.4,56.1,22,1,1
2.0,5.9,28.1,0.265,612.6,30.5,2,0,0
2.4,8.1,29.4,0.158,106.2,5.3,0,0,0
25.2,81.1,200.3,0.534,2949.9,40.6,22,1,1
20.0,56.1,178.4,0.445,234.9,4.4,2,0,0
29.7,39.0,193.3,0.55,1702.9,45.9,6,0,1
24.9,49.9,181.1,0.56,1636.7,27.9,3,0,1
0.3,1.4,4.1,0.156,90.7,6.9,0,0,0
18.4,47.6,136.7,0.54,2126.1,35.3,23,0,1
13.1,45.9,124.4,0.501,2654.3,52.8,21,0,1
27.4,42.6,207.1,0.399,2003.1,50.9,1,0,1
1.1,3.7,10.9,0.299,55.8,7.3,0,0,0
13.3,21.1,187.2,0.514,525.2,25.7,25,0,1
7.0,15.1,55.7,0.25,1968.8,41.2,0,0,0
27.8,88.5,203.2,0.57,1956.3,40.5,7,0,1
23.2,71.2,216.2,0.468,2244.8,31.1,17,0,1
12.0,22.8,72.9,0.448,1024.6,22.8,9,0,1
14.3,35.7,194.1,0.486,2552.4,44.8,9,0,1
30.7,50.9,112.7,0.576,932.0,33.6,18,0,1
55.8,100.4,204.4,0.555,125.1,11.3,0,0,0
41.2,86.1,179.3,0.433,232.8,1.8,0,0,0
12.6,22.3,76.3,0.462,1896.4,34.6,7,0,1
3.8,8.3,22.0,0.234,265.5,10.5,0,0,0
0.1,1.7,7.2,0.211,175.6,8.1,0,0,0
2.0,10.7,31.7,0.36,1328.8,25.7,1,0,0
13.0,21.2,70.5,0.4,500.6,20.7,22,0,1
6.2,14.8,43.2,0.289,924.1,41.4,2,0,0
0.4,2.8,12.9,0.148,183.6,7.0,0,0,0
13.7,31.1,91.6,0.55,2709.1,19.4,11,0,1
17.7,45.6,105.1,0.443,182.5,11.9,0,0,0
3.0,8.3,23.2,0.206,843.5,33.4,2,0,0
4.7,12.4,34.1,0.327,2021.6,37.1,2,0,0
0.2,3.8,25.3,0.239,72.9,8.0,0,0,0
11.3,53.8,194.1,0.384,1094.2,22.2,11,0,1
1.6,11.4,62.5,0.313,2259.7,31.7,2,0,0
17.0,69.4,222.9,0.537,1023.2,25.2,17,1,1
16.2,31.6,107.5,0.47,2054.1,41.3,18,0,1
0.9,6.1,26.9,0.271,289.8,2.3,0,0,0
2.6,9.3,35.4,0.238,1067.1,33.8,3,0,0
28.2,79.0,181.4,0.496,3004.7,21.7,10,0,1
56.9,104.5,207.3,0.518,71.5,1.8,1,0,0
16.3,33.4,91.1,0.419,1372.0,28.8,11,0,1
0.9,5.2,32.5,0.248,2351.1,37.5,1,0,0
22.7,53.4,92.6,0.394,2833.7,56.7,3,0,1
31.2,69.5,197.4,0.466,1970.6,20.4,24,0,1
0.2,0.7,2.5,0.162,175.7,9.1,0,0,0
4.2,17.9,71.5,0.266,1963.9,34.3,2,0,0
16.4,27.8,95.8,0.407,1354.1,31.5,21,0,1
1.7,16.2,56.3,0.251,883.4,35.4,0,0,0
13.7,39.5,87.9,0.451,1386.3,48.9,17,0,1
0.1,0.3,1.4,0.247,142.1,3.5,0,0,0
14.5,20.7,98.3,0.516,800.2,35.7,12,2,1
4.2,8.9,72.6,0.23,1916.2,35.3,2,0,0
19.7,33.1,109.6,0.497,100.8,1.6,1,0,0
12.0,19.5,58.5,0.475,2853.0,55.2,20,0,1
22.4,66.7,193.9,0.445,58.6,8.1,0,0,0
14.9,50.0,145.6,0.514,319.4,12.7,2,0,0
21.4,64.9,176.8,0.549,2653.7,38.9,1,0,0
0.5,4.1,27.5,0.358,1017.8,41.5,1,0,0
0.9,8.5,34.0,0.189,1542.8,27.4,3,0,0
33.9,70.9,146.6,0.398,916.8,56.7,18,1,0
31.4,61.9,189.8,0.48,92.0,6.9,1,0,0
0.4,2.0,6.1,0.269,176.4,7.8,0,0,0
0.6,1.5,17.0,0.165,290.3,8.3,0,0,0
9.2,17.6,52.4,0.529,950.3,45.9,22,0,1
22.8,82.7,198.7,0.537,309.8,6.7,0,0,0
23.8,30.2,206.8,0.496,1117.7,42.7,4,0,1
15.1,49.4,102.4,0.571,703.2,52.7,18,0,1
0.1,1.9,15.4,0.231,237.8,6.3,0,0,0
26.7,91.1,239.3,0.413,1791.5,37.4,15,0,1
17.3,44.9,85.1,0.489,1707.1,29.6,22,0,1
17.6,28.4,104.5,0.573,1417.2,53.7,15,1,1
12.4,24.1,55.9,0.398,2973.8,33.1,4,2,1
1.7,4.6,32.7,0.214,1306.4,21.1,4,0,0
1.8,7.0,23.6,0.263,149.1,6.0,0,0,0
5.2,12.5,61.8,0.342,930.6,23.2,3,0,0
16.9,36.9,151.9,0.509,1339.9,53.7,24,0,1
32.7,51.4,135.8,0.421,671.2,33.5,4,0,1
18.4,40.8,137.2,0.396,3176.3,44.0,2,0,1
4.1,8.7,56.2,0.289,2312.4,32.1,1,0,0
2.3,7.3,27.9,0.137,177.6,1.0,0,0,0
1.7,8.7,24.5,0.185,1874.8,21.1,4,0,0
1.6,7.0,37.6,0.314,2245.9,22.4,4,0,0
1.1,3.5,22.3,0.26,1079.9,25.9,3,0,0
32.6,53.4,146.4,0.558,2611.9,22.8,10,1,1
18.1,39.4,140.7,0.562,605.0,41.0,18,0,1
45.6,61.7,130.5,0.453,2389.7,50.9,1,0,1
0.0,0.1,4.5,0.276,109.1,10.8,0,0,0
12.3,20.4,66.7,0.566,1491.8,44.2,10,0,1
36.0,64.5,135.9,0.381,2168.5,55.7,11,0,1
0.0,2.6,13.9,0.239,50.3,5.6,0,0,0
10.4,23.7,82.8,0.387,2114.7,27.8,10,0,1
22.8,47.2,126.4,0.555,97.5,1.9,2,0,0
0.8,4.5,24.8,0.301,74.0,6.7,0,0,0
22.6,62.6,142.4,0.545,329.5,2.0,2,0,0
38.6,72.4,207.4,0.534,341.6,2.4,1,0,0
0.6,2.7,13.2,0.122,93.1,9.8,0,0,0
55.6,107.1,196.8,0.535,310.3,12.8,0,0,0
12.1,32.4,112.7,0.405,106.8,11.9,2,0,0
0.1,0.5,18.7,0.163,257.4,7.2,0,0,0
35.0,69.2,169.6,0.534,201.4,4.3,2,0,0
18.7,74.4,145.6,0.54,102.7,3.0,2,0,0
1.8,9.9,37.9,0.256,1400.4,29.4,1,0,0
16.1,28.3,135.5,0.485,1087.2,37.3,24,2,1
2.5,7.8,28.9,0.157,72.4,10.4,0,0,0
61.4,104.2,194.9,0.516,303.4,9.4,2,0,0
0.6,1.6,25.8,0.226,79.8,9.5,0,0,0
19.6,65.2,209.6,0.468,2383.6,27.4,11,0,1
1.6,8.4,71.0,0.251,1029.7,38.2,2,0,0
23.8,39.9,128.6,0.415,2284.4,40.2,2,2,1
0.7,3.9,22.1,0.153,252.3,7.3,0,0,0
0.1,0.2,28.2,0.216,146.4,8.0,0,0,0
9.4,30.7,56.0,0.441,919.0,36.8,13,0,1
0.9,2.4,14.5,0.291,210.4,2.7,0,0,0
0.5,1.1,16.0,0.134,248.6,6.0,0,0,0
2.4,8.6,35.3,0.248,1634.6,33.1,2,0,0
17.2,24.2,111.6,0.46,538.6,54.5,19,1,1
9.7,28.2,117.4,0.411,703.0,37.5,5,0,1
18.8,61.0,129.6,0.424,1592.1,19.2,11,0,1
0.0,0.1,7.4,0.247,58.3,7.5,0,0,0
16.1,53.3,122.6,0.473,2872.8,21.7,23,0,1
4.5,17.6,53.3,0.33,1398.1,23.0,3,0,0
12.2,24.7,181.7,0.502,1580.7,22.1,2,0,1
0.8,2.7,12.0,0.305,271.2,1.5,0,0,0
8.0,16.5,58.0,0.572,1107.6,37.4,25,0,1
21.8,30.1,65.1,0.51,874.3,33.5,16,0,1
22.7,61.2,173.9,0.505,240.9,10.9,0,0,0
16.0,30.7,150.8,0.506,781.4,34.5,22,0,1
31.3,80.8,189.5,0.54,2762.0,21.5,15,0,1
40.8,77.5,215.0,0.513,1765.4,41.2,18,0,1
10.9,44.3,165.1,0.435,927.6,28.6,21,0,1
17.3,25.7,74.8,0.501,1029.0,29.0,19,0,1
10.5,27.2,203.8,0.478,1062.4,23.7,20,0,1
8.6,20.3,53.0,0.237,1011.5,23.2,2,0,0
10.1,20.9,160.8,0.554,1822.9,37.1,6,2,1
18.8,40.7,141.5,0.511,3063.7,44.1,7,0,1
24.0,36.1,147.0,0.525,2684.0,50.6,8,0,1
49.2,90.9,202.4,0.522,1128.1,44.5,11,0,1
14.3,38.1,120.7,0.571,2113.1,24.4,18,0,1
37.2,97.2,178.5,0.499,45.4,12.6,2,0,0
24.7,79.4,194.0,0.511,754.6,27.7,16,0,1
27.3,71.6,215.9,0.525,1723.5,44.5,21,0,1
0.0,0.0,2.0,0.258,259.7,3.6,0,0,0
20.6,63.1,237.2,0.479,1593.1,56.1,6,0,1
23.7,57.8,168.0,0.519,259.5,4.1,1,0,0
22.5,61.1,215.5,0.488,2033.9,36.3,24,0,1
21.2,75.6,172.7,0.511,1197.8,19.4,4,0,1
12.8,26.7,71.3,0.334,1096.9,21.7,4,0,0
2.2,7.4,28.6,0.17,274.3,11.3,0,0,0
0.1,0.3,4.8,0.161,124.9,11.9,0,0,0
22.0,61.0,174.8,0.382,1287.3,36.6,11,1,1
2.3,10.1,72.6,0.272,1365.6,25.9,4,0,0
27.8,56.8,205.7,0.513,130.3,7.8,2,0,0
1.9,11.0,30.6,0.319,1859.0,35.6,3,0,0
21.1,45.5,137.1,0.492,71.9,7.4,0,0,0
14.3,42.4,81.3,0.396,2069.1,51.9,1,0,1
33.4,56.6,216.7,0.549,615.5,56.9,21,0,1
24.5,45.5,145.5,0.467,1766.3,51.9,3,0,1
36.7,59.1,178.8,0.441,1198.1,18.8,14,0,1
22.6,48.5,144.6,0.5,57.6,3.1,0,0,0
8.0,22.9,51.2,0.192,761.2,20.6,2,0,0
18.9,59.0,179.1,0.459,1884.1,36.4,5,0,1
1.2,3.5,17.4,0.28,149.1,9.9,0,0,0
0.0,1.2,7.8,0.217,62.3,7.3,0,0,0
18.1,51.5,205.9,0.493,290.6,8.4,0,0,0
21.6,68.3,169.2,0.466,102.5,4.9,2,0,0
24.3,64.1,125.0,0.448,73.0,4.1,2,0,0
5.8,13.5,36.4,0.191,2094.8,35.8,3,0,0
17.1,31.2,77.7,0.48,3187.4,52.0,17,0,1
5.3,21.7,64.0,0.259,1842.2,25.4,2,0,0
16.3,39.9,97.0,0.449,1353.0,43.0,8,2,1
10.0,21.8,65.4,0.47,946.7,48.9,19,0,1
5.0,16.1,71.2,0.525,1266.7,19.5,4,0,0
34.5,50.5,201.7,0.497,2808.8,56.8,2,0,1
30.2,61.1,147.7,0.58,787.0,51.0,11,0,1
0.1,0.2,10.6,0.248,94.3,3.8,0,0,0
24.8,38.6,222.3,0.502,1437.2,30.9,15,0,1
10.0,17.2,84.2,0.386,3131.4,57.7,16,2,1
0.1,0.2,4.4,0.313,232.7,6.7,0,0,0
39.5,91.5,196.4,0.481,123.2,6.0,1,0,0
15.7,44.7,84.7,0.516,2561.3,25.9,24,0,1
9.2,26.5,104.4,0.452,88.2,3.5,2,0,0
13.5,53.9,158.9,0.415,265.1,8.2,1,0,0
18.7,34.9,108.4,0.566,949.3,44.9,11,0,1
0.1,1.3,8.4,0.27,232.5,9.2,0,0,0
14.2,23.8,234.8,0.432,2698.6,40.2,8,1,1
0.5,3.6,11.2,0.303,108.8,6.9,0,0,0
51.7,90.5,170.6,0.529,47.1,13.6,2,0,0
2.9,7.5,50.6,0.283,812.1,41.5,2,0,0
21.1,62.9,166.8,0.553,323.3,12.2,0,0,0
13.7,37.9,97.8,0.446,2015.3,33.6,24,0,1
1.1,11.4,50.7,0.242,1935.6,36.0,0,0,0
3.3,8.3,29.5,0.228,1775.1,41.5,0,0,0
19.9,41.5,117.5,0.48,157.8,9.0,0,0,0
18.9,44.2,164.2,0.534,51.2,4.6,2,0,0
3.6,7.7,38.1,0.221,629.3,35.4,1,0,0
18.6,44.1,188.4,0.41,2722.5,29.5,11,0,1
19.3,38.6,165.7,0.439,2643.7,23.5,20,0,1
1.2,6.6,22.7,0.271,199.9,9.9,0,0,0
24.5,48.6,93.4,0.55,2614.6,32.5,1,0,1
23.3,57.6,141.7,0.512,2449.2,38.2,17,0,1
19.3,26.1,142.9,0.488,2893.8,50.6,15,0,1
20.1,44.8,133.8,0.552,108.5,1.8,1,0,0
17.8,23.3,62.5,0.508,1885.0,25.3,25,0,1
12.8,26.7,179.1,0.441,2596.1,31.3,9,0,1
10.1,33.8,163.9,0.475,2919.1,44.9,14,0,1
17.6,45.5,132.5,0.388,1474.5,47.8,2,0,1
21.8,30.3,235.4,0.533,2040.3,31.4,4,0,1
6.4,20.1,144.6,0.41,1290.0,33.7,1,0,1
8.6,20.4,110.1,0.528,1593.0,51.6,5,0,1
10.5,33.9,171.2,0.535,1030.5,46.8,22,2,1
2.2,6.7,44.9,0.18,2266.7,38.3,0,0,0
0.5,2.9,24.5,0.182,229.6,1.1,0,0,0
1.3,3.1,8.6,0.189,93.1,3.4,0,0,0
1.5,6.7,50.2,0.328,2184.8,26.1,3,0,0
6.2,21.7,72.0,0.309,680.5,20.2,2,0,0
14.8,59.2,177.7,0.459,2330.9,57.1,24,1,1
10.0,33.3,189.5,0.495,2774.7,48.8,19,0,1
22.2,57.3,99.9,0.525,2713.3,30.6,10,0,1
1.2,5.9,38.5,0.218,1300.6,25.9,0,0,0
42.0,90.2,174.0,0.542,166.3,9.0,1,0,0
8.1,14.5,54.5,0.458,1553.7,23.1,23,0,1
2.0,4.1,13.7,0.231,295.5,5.7,0,0,0
23.0,47.0,141.4,0.465,2086.8,35.3,5,0,1
13.2,29.9,85.0,0.481,332.5,9.9,1,0,0
29.4,54.9,127.1,0.532,775.5,33.9,8,0,1
1.3,9.5,36.1,0.209,708.2,24.6,0,0,0
18.2,27.2,208.0,0.491,2021.4,40.5,11,0,1
1.0,2.3,6.9,0.122,264.5,10.4,0,0,0
22.4,43.3,174.3,0.442,2302.1,23.3,22,0,1
3.8,8.4,52.1,0.248,2373.5,40.0,4,0,0
18.9,71.3,214.2,0.522,1163.5,28.0,4,0,1
0.9,1.8,25.8,0.201,144.3,9.9,0,0,0
19.3,62.9,128.9,0.437,211.2,3.4,2,0,0
19.8,54.1,152.5,0.432,563.6,47.7,5,0,1
19.0,43.3,155.7,0.528,1587.1,39.1,7,0,0
9.3,36.3,112.2,0.48,145.5,5.2,0,0,0
38.1,65.8,128.6,0.429,1835.1,45.4,6,0,1
15.9,21.5,196.3,0.475,3036.8,29.9,13,1,1
31.5,47.3,139.4,0.434,3169.7,44.3,15,0,1
11.5,19.8,94.4,0.424,530.2,51.0,23,0,1
2.5,5.6,29.3,0.215,1982.5,24.7,3,0,0
12.8,34.2,185.8,0.4,1870.3,55.8,2,0,1
22.4,44.1,190.7,0.434,572.0,32.9,17,0,0
3.5,7.7,28.2,0.26,127.2,1.8,0,0,0
0.5,1.3,21.1,0.182,264.0,1.3,0,0,0
3.0,14.8,37.7,0.309,1714.5,34.7,1,0,0
0.1,0.5,25.6,0.139,162.1,4.0,0,0,0
7.3,13.8,59.5,0.552,1143.8,54.6,8,0,1
13.4,58.9,137.9,0.434,3160.6,22.3,20,0,1
0.0,0.1,7.7,0.232,202.7,3.1,0,0,0
1.2,2.5,9.6,0.144,56.6,4.0,0,0,0
11.7,49.2,107.5,0.561,3094.0,36.7,24,0,0
2.4,9.0,29.5,0.215,913.0,21.2,4,0,0
25.3,37.0,100.1,0.408,2544.2,29.8,22,0,1
24.3,41.6,124.4,0.549,159.1,11.8,2,0,0
19.3,40.6,116.2,0.458,303.2,13.4,1,0,0
22.2,53.2,178.3,0.461,589.1,43.4,7,0,1
14.7,43.7,155.1,0.525,1180.7,27.9,20,0,1
0.2,0.6,3.0,0.314,137.3,2.6,0,0,0
9.7,25.2,63.7,0.25,1908.9,27.6,4,0,0
11.7,25.9,91.2,0.422,891.6,47.7,24,2,1
35.1,64.5,236.3,0.461,446.9,27.6,16,0,1
29.9,62.0,145.2,0.472,313.5,10.8,2,0,0
15.4,27.7,206.6,0.549,1416.6,43.9,20,0,1
21.9,68.4,119.3,0.516,2250.8,32.1,18,1,1
2.2,10.4,70.4,0.197,1120.7,23.4,3,0,0
13.1,54.9,108.1,0.428,616.9,41.0,3,0,1
29.1,64.6,159.5,0.495,573.7,20.2,25,0,1
19.4,28.1,132.5,0.533,1901.8,23.9,22,0,1
37.3,60.1,197.0,0.528,1924.6,20.1,25,0,1
14.6,21.9,234.8,0.507,2566.1,25.5,21,1,1
12.6,26.3,92.0,0.531,1861.9,57.9,25,2,0
23.1,32.1,88.8,0.386,423.6,19.1,16,0,1
19.4,35.8,69.1,0.422,1546.7,53.6,21,1,1
6.5,14.6,40.6,0.208,768.2,32.0,2,0,0
47.0,80.2,185.8,0.445,105.0,8.8,1,0,0
10.8,32.3,119.5,0.421,3146.6,27.5,4,0,1
15.3,49.8,167.5,0.561,2689.1,21.9,20,0,1
0.2,4.3,13.9,0.303,210.5,8.4,0,0,0
20.4,40.2,143.0,0.507,2858.4,21.7,17,0,1
32.3,90.7,168.4,0.526,314.6,3.3,1,0,0
20.1,28.5,228.1,0.533,2868.7,18.6,7,0,1
1.5,4.1,14.8,0.253,200.0,10.7,0,0,0
0.8,3.1,30.6,0.332,984.5,41.3,0,0,0
4.4,22.9,74.7,0.19,1202.3,28.2,1,0,0
15.2,32.5,81.8,0.514,1892.8,31.6,19,0,1
1.0,4.7,29.4,0.182,132.6,7.3,0,0,0
17.9,41.4,78.8,0.555,3059.9,52.3,24,0,1
0.0,1.2,25.5,0.169,296.5,6.2,0,0,0
0.6,1.3,7.2,0.147,142.0,8.8,0,0,0
16.1,24.5,70.9,0.559,868.0,18.0,22,0,1
20.7,59.8,221.0,0.417,1842.2,36.4,13,0,1
9.8,30.0,86.3,0.416,750.2,30.6,8,0,1
1.1,2.8,9.8,0.121,72.2,6.5,0,0,0
0.5,1.0,9.9,0.305,236.3,4.0,0,0,0
0.3,0.7,12.3,0.189,213.6,8.5,0,0,0
3.0,9.0,25.5,0.348,1560.6,34.3,0,0,0
3.6,24.0,58.5,0.348,929.5,24.0,3,0,0
22.9,72.5,208.7,0.547,226.7,12.6,2,0,0
27.4,53.7,174.1,0.545,707.1,39.5,25,1,1
3.1,6.9,31.8,0.28,950.7,27.1,4,0,0
28.1,62.3,222.0,0.465,2592.5,42.9,12,0,1
18.2,30.4,117.5,0.518,61.7,10.6,1,0,0
20.0,27.7,124.4,0.463,1762.8,41.1,24,0,1
0.2,6.0,19.2,0.126,250.7,5.4,0,0,0
28.7,63.4,123.2,0.474,235.2,12.9,0,0,0
20.2,34.4,62.7,0.554,2820.4,47.6,10,0,1
22.6,64.2,182.8,0.461,1059.0,29.6,8,0,1
2.8,9.6,29.6,0.199,735.0,30.2,2,0,0
15.1,31.5,195.1,0.387,2273.9,26.6,23,0,1
0.4,3.3,21.3,0.266,742.7,25.2,3,0,0
0.5,8.0,29.0,0.304,240.8,6.6,0,0,0
4.7,10.1,42.0,0.315,2095.7,21.2,3,0,0
0.0,0.4,21.7,0.226,256.6,9.7,0,0,0
12.5,66.1,138.3,0.535,1654.4,29.7,2,0,1
3.1,6.4,43.7,0.243,2066.5,30.8,2,0,0
11.3,21.1,51.8,0.499,948.0,47.6,10,0,1
58.9,101.3,190.1,0.524,99.9,9.4,0,0,0
3.9,13.8,46.7,0.219,1298.9,28.8,2,0,0
15.1,49.5,113.6,0.495,116.3,8.4,0,0,0
1.0,3.6,10.2,0.277,127.1,4.2,0,0,0
21.9,36.1,197.2,0.58,920.5,23.4,3,0,1
0.2,0.5,1.7,0.166,257.0,5.9,0,0,0
11.5,27.6,91.0,0.419,2222.1,40.8,6,0,1
20.3,35.8,106.9,0.44,2674.9,32.7,22,0,1
28.1,50.1,152.3,0.544,346.4,7.5,0,0,0
20.2,41.1,237.0,0.573,2678.1,50.1,5,1,0
12.7,33.6,115.8,0.459,157.4,3.4,2,0,0
3.9,20.6,46.0,0.253,1646.9,28.2,2,0,0
7.9,25.9,70.7,0.56,818.2,22.1,20,0,1
0.2,0.4,10.5,0.147,213.5,7.1,0,0,0
18.4,36.2,174.2,0.489,1702.0,24.1,23,0,0
20.1,32.9,64.2,0.396,1286.4,45.0,18,0,1
11.9,21.3,91.9,0.503,2327.7,28.9,21,0,1
0.3,6.1,18.6,0.208,243.4,9.3,0,0,0
6.6,16.7,37.8,0.24,714.4,35.9,1,0,0
12.2,21.0,74.5,0.387,3142.8,38.2,12,2,1
12.1,51.7,216.0,0.438,1240.5,22.1,17,0,1
0.1,0.3,6.1,0.272,60.1,3.6,0,0,0
31.2,58.4,197.9,0.464,3087.7,49.9,10,0,1
23.5,43.0,160.3,0.565,467.4,52.6,3,0,1
11.7,36.3,129.8,0.524,118.0,4.0,1,0,0
30.5,51.1,101.8,0.51,233.3,7.6,0,0,0
11.1,32.2,60.5,0.53,1978.1,24.9,11,0,1
0.0,0.1,0.3,0.126,73.9,3.3,0,0,0
19.1,54.3,123.3,0.502,2867.6,52.4,3,0,1
0.9,8.7,38.1,0.202,970.9,29.6,1,0,0
14.7,22.9,69.0,0.573,3137.0,24.3,21,1,1
13.6,33.0,91.2,0.551,2411.6,56.2,25,0,1
3.8,29.1,70.5,0.315,1120.7,36.4,4,0,0
9.0,26.5,80.2,0.539,374.2,39.6,16,1,1
11.0,27.7,161.9,0.575,839.1,39.8,24,0,1
5.5,31.7,73.1,0.296,1736.4,22.0,3,0,0
15.4,27.3,150.7,0.549,2089.9,44.1,9,0,1
9.3,17.7,59.9,0.388,2487.5,48.4,15,0,1
17.9,33.4,140.0,0.381,2349.2,26.0,4,0,1
0.2,7.4,25.7,0.186,269.8,3.9,0,0,0
7.5,15.6,60.2,0.253,682.0,33.7,2,0,0
51.2,86.6,166.9,0.506,169.8,13.1,2,0,0
0.3,5.7,28.0,0.247,219.1,5.7,0,0,0
31.2,65.6,125.5,0.525,166.6,10.2,0,0,0
37.9,71.9,150.5,0.434,279.4,8.8,1,0,0
28.6,72.2,136.8,0.49,132.6,12.7,0,0,0
2.9,6.3,25.6,0.244,189.9,7.1,0,0,0
3.7,13.0,51.0,0.231,1386.2,28.0,2,0,0
0.5,3.4,24.7,0.217,258.8,4.2,0,0,0
30.3,77.2,234.4,0.464,2556.1,56.2,13,0,1
17.8,41.8,153.2,0.383,3127.6,46.6,13,0,1
1.1,3.3,29.3,0.139,90.2,8.5,0,0,0
15.8,50.7,128.9,0.418,2058.2,47.9,5,1,1
3.2,10.6,50.1,0.38,1618.4,47.1,6,0,1
20.6,62.5,174.5,0.429,1949.9,28.5,19,0,1
0.3,0.8,3.3,0.147,224.0,3.1,0,0,0
15.3,35.2,184.9,0.573,886.0,45.6,1,2,0
15.8,55.6,157.7,0.423,300.9,5.9,2,0,0
31.5,57.6,128.6,0.511,178.6,7.1,2,0,0
13.7,41.9,99.4,0.467,2142.3,41.7,1,0,1
23.0,52.3,217.7,0.443,1339.9,24.6,10,0,1
10.9,40.6,217.4,0.574,2281.5,42.6,22,0,1
18.1,36.8,124.0,0.54,218.0,10.7,0,0,0
25.0,32.9,77.1,0.454,2566.0,45.1,14,0,1
13.5,29.1,50.8,0.473,481.5,38.8,22,0,0
21.8,41.2,91.9,0.5,88.3,4.2,2,0,0
33.2,63.2,192.6,0.482,281.2,2.3,0,0,0
18.6,24.8,86.1,0.392,998.6,41.4,19,0,1
2.6,14.5,71.8,0.213,2103.2,24.0,2,0,0
42.2,79.6,167.2,0.398,735.1,25.6,1,0,1
14.3,27.2,67.3,0.471,514.5,36.5,10,0,1
0.1,2.2,11.2,0.19,190.6,8.5,0,0,0
0.0,0.0,0.0,0.208,128.4,9.6,0,0,0
25.1,44.0,143.4,0.486,214.9,7.1,2,0,0
13.9,42.8,142.5,0.413,964.1,28.2,21,0,1
4.6,10.8,52.1,0.324,1454.0,24.0,4,0,0
14.6,31.2,65.7,0.46,2154.9,47.3,4,0,1
26.5,64.6,152.4,0.465,73.0,10.1,2,0,0
20.9,71.7,187.7,0.385,1955.2,20.5,23,0,1
7.5,17.7,60.6,0.198,2271.1,34.2,4,0,0
1.6,3.5,9.0,0.282,247.5,9.6,0,0,0
18.3,40.9,158.1,0.557,1973.0,49.7,7,2,1
37.6,75.7,186.1,0.508,341.8,12.9,2,0,0
26.7,60.1,147.0,0.508,148.1,5.4,0,0,0
19.3,37.2,88.7,0.404,3123.5,42.4,8,0,1
2.9,8.6,53.6,0.208,971.2,35.3,4,0,0
19.3,67.7,180.5,0.545,1042.6,22.6,17,0,1
0.9,4.8,13.5,0.223,281.8,7.1,0,0,0
0.3,1.2,17.0,0.226,138.8,5.4,0,0,0
19.2,71.9,150.5,0.435,141.5,2.9,0,0,0
11.5,22.9,104.6,0.529,612.1,51.8,4,0,1
35.8,52.7,169.9,0.527,2412.6,41.6,17,0,1
9.8,22.7,78.2,0.467,3186.3,55.1,2,0,1
25.8,64.8,220.0,0.393,639.3,50.7,6,0,1
15.0,35.9,101.9,0.474,174.5,13.7,1,0,0
4.5,10.5,61.3,0.288,1428.0,36.5,4,0,0
31.3,45.2,151.7,0.512,1133.6,55.4,21,0,1
0.4,1.3,13.6,0.313,77.2,11.7,0,0,0
1.4,3.0,18.0,0.15,231.6,5.0,0,0,0
17.3,49.2,94.7,0.418,146.9,12.7,2,0,0
17.0,28.6,165.0,0.518,1993.4,50.6,19,0,1
2.6,5.4,33.6,0.224,721.0,23.4,2,0,0
0.5,6.4,17.3,0.144,254.1,0.7,0,0,0
29.3,87.2,197.4,0.432,1440.6,49.5,8,0,1
20.1,36.2,112.1,0.554,2312.1,45.8,22,0,1
0.7,1.9,9.4,0.271,166.2,9.1,0,0,0
8.3,32.4,102.5,0.445,188.5,6.2,2,0,0
34.4,61.2,116.6,0.54,225.8,1.3,1,0,0
28.9,48.3,223.6,0.412,392.6,53.9,3,0,1
18.4,68.3,142.2,0.485,1101.8,48.0,2,0,1
14.1,39.1,136.2,0.381,1353.9,51.4,2,0,1
15.4,40.8,86.1,0.462,1267.8,21.9,22,0,1
10.1,18.5,59.2,0.558,2306.2,28.1,11,0,1
2.1,10.0,27.8,0.31,164.8,2.9,0,0,0
14.9,26.8,73.4,0.454,489.6,30.4,6,0,1
0.0,1.1,14.9,0.285,129.1,11.1,0,0,0
0.2,6.4,22.1,0.215,227.1,9.3,0,0,0
19.8,51.9,239.6,0.476,653.3,51.5,9,0,0
10.0,59.9,192.5,0.509,2294.7,49.7,12,0,1
21.9,48.3,88.6,0.494,3016.2,33.0,18,0,1
16.5,45.6,115.6,0.516,1868.6,29.7,20,0,1
0.9,3.3,14.4,0.167,282.8,8.7,0,0,0
6.9,20.5,54.2,0.213,1403.4,35.5,0,0,0
36.9,70.8,150.2,0.499,241.7,6.6,2,0,0
19.1,55.0,201.5,0.523,855.7,57.2,9,0,1
8.3,31.8,121.3,0.541,249.3,2.8,2,0,0
27.2,39.3,102.5,0.485,1545.8,34.6,5,0,1
30.2,72.7,168.4,0.465,307.7,9.4,2,0,0
20.3,63.7,143.2,0.503,2148.4,27.4,12,0,1
16.1,47.9,217.5,0.468,1706.7,22.0,19,0,1
5.4,13.5,72.3,0.295,1452.4,39.9,1,0,0
17.2,32.4,89.5,0.57,1671.0,31.5,22,0,1
8.3,22.5,232.4,0.535,1969.6,52.6,11,0,1
0.1,0.6,27.8,0.228,184.2,11.1,0,0,0
2.5,7.0,19.9,0.228,267.4,6.7,0,0,0
11.3,26.7,94.9,0.549,1416.6,37.1,12,0,1
35.5,73.1,146.1,0.45,272.9,9.0,1,0,0
14.3,22.7,89.7,0.407,685.9,54.5,7,0,1
17.6,24.3,104.5,0.407,1150.8,52.3,1,0,1
11.4,23.0,102.4,0.578,3040.8,56.0,8,0,1
40.5,80.2,217.7,0.444,928.9,30.5,2,0,1
38.6,79.9,153.1,0.404,265.9,6.2,2,0,0
15.4,39.3,93.3,0.456,2550.7,29.8,8,0,1
6.9,20.6,109.5,0.485,2303.7,32.1,24,0,1
3.5,7.5,24.7,0.292,94.3,6.9,0,0,0
0.0,0.6,3.6,0.179,95.1,7.5,0,0,0
9.9,23.4,68.1,0.23,1627.0,23.5,1,0,0
29.9,61.8,113.2,0.523,682.0,53.7,20,0,1
29.3,41.2,159.9,0.545,2439.4,18.6,15,1,1
20.4,43.5,195.6,0.404,2753.4,49.1,13,0,1
15.3,30.1,228.2,0.416,2032.4,46.5,7,1,1
14.6,42.0,79.4,0.562,1093.2,27.6,21,0,0
22.8,31.6,125.6,0.5,2308.6,19.2,9,0,1
29.7,64.5,133.7,0.401,279.3,7.1,1,0,0
0.3,7.8,24.1,0.3,231.3,1.3,0,0,0
0.8,1.8,16.2,0.235,271.9,0.8,0,0,0
27.8,59.9,147.0,0.458,2551.2,41.5,17,0,1
1.1,4.8,42.5,0.226,1929.4,32.5,0,0,0
20.1,25.5,139.6,0.545,2840.8,41.6,19,0,1
6.9,17.6,71.7,0.306,660.8,28.8,2,0,0
9.6,31.9,114.6,0.524,3119.9,48.5,17,1,1
11.8,28.9,84.4,0.403,3156.1,22.9,4,0,1
16.6,34.1,89.8,0.406,3038.6,18.4,22,0,1
2.3,7.0,38.5,0.267,1367.9,33.4,0,0,0
0.0,0.0,0.3,0.244,292.5,9.4,0,0,0
19.5,43.6,114.2,0.494,313.6,13.4,1,0,0
27.8,40.6,190.1,0.576,1697.6,45.3,10,1,1
0.0,1.6,4.1,0.149,154.9,5.4,0,0,0
18.0,33.4,90.5,0.424,42.8,7.6,0,0,0
0.0,0.1,18.8,0.18,84.1,10.4,0,0,0
4.0,11.3,28.3,0.252,1289.6,39.7,1,0,0
0.0,0.0,0.8,0.156,82.0,4.1,0,0,0
31.1,53.7,179.0,0.433,2285.3,53.5,13,0,1
12.5,25.4,64.6,0.511,853.4,33.1,10,0,1
34.8,74.5,175.9,0.544,110.3,4.7,1,0,0
20.8,32.1,140.3,0.519,1459.0,18.4,20,0,1
25.1,46.5,142.5,0.404,273.5,4.1,1,0,0
38.0,66.9,131.2,0.549,156.0,11.7,0,0,0
21.9,35.5,97.8,0.477,1158.7,43.8,9,1,1
2.7,10.1,25.2,0.225,2127.8,31.4,1,0,0
49.1,83.8,170.2,0.538,2700.4,33.9,14,1,1
10.5,30.1,109.9,0.533,2039.7,36.9,18,2,1
10.9,44.2,89.9,0.41,1995.0,49.2,24,1,1
28.2,51.5,152.3,0.444,887.7,45.9,19,0,1
3.5,7.1,19.3,0.205,59.4,6.0,0,0,0
24.0,38.8,220.0,0.405,1213.1,39.3,17,0,1
2.8,6.6,60.2,0.181,1605.3,21.2,3,0,0
25.9,42.8,108.5,0.423,1575.8,27.4,8,0,1
0.1,0.4,3.8,0.271,207.6,6.8,0,0,0
28.7,36.1,175.3,0.517,1504.1,24.0,3,0,1
1.3,2.6,12.8,0.214,72.9,1.1,0,0,0
0.7,1.6,10.1,0.203,158.7,3.9,0,0,0
0.3,0.8,19.6,0.138,126.9,11.3,0,0,0
23.6,37.6,99.9,0.447,3190.6,25.5,11,0,1
0.2,1.3,26.7,0.304,125.8,11.6,0,0,0
5.3,16.7,53.0,0.31,1847.0,39.5,2,0,0
16.3,54.7,162.3,0.489,346.1,10.7,0,0,0
22.6,33.2,222.9,0.538,1245.2,36.8,17,0,0
33.7,85.1,157.3,0.461,327.9,12.2,0,0,0
5.0,13.8,52.4,0.255,2005.2,22.3,3,0,0
13.1,89.1,190.5,0.405,388.8,38.8,4,0,1
19.7,65.9,127.9,0.474,122.1,9.9,2,0,0
4.9,20.0,57.1,0.243,2160.8,31.0,0,0,0
15.6,40.9,133.2,0.501,855.1,23.0,24,0,1
2.5,11.8,63.6,0.232,1632.1,33.1,0,0,0
3.1,8.5,66.6,0.213,1344.5,40.0,2,0,0
13.1,24.2,117.8,0.424,1586.2,28.6,25,0,1
0.0,0.1,0.5,0.144,285.0,10.0,0,0,0
13.4,30.2,149.4,0.518,1752.0,48.2,10,0,1
30.5,64.9,183.6,0.51,114.9,13.0,0,0,0
17.0,21.6,60.6,0.395,2323.4,37.1,21,0,1
9.0,21.7,150.8,0.428,2337.6,38.7,9,0,1
29.8,38.4,152.7,0.491,469.1,50.5,20,0,1
0.3,3.2,26.3,0.182,890.8,23.6,4,0,0
10.7,24.9,155.9,0.452,1493.8,54.8,5,0,1
21.0,29.3,100.4,0.536,691.7,21.1,22,0,0
20.1,36.8,177.3,0.519,1917.6,19.6,19,0,1
30.9,50.5,223.7,0.531,926.1,52.2,16,0,1
26.8,52.6,198.5,0.51,219.5,2.1,1,0,0
26.8,48.6,135.1,0.423,94.5,10.4,0,0,0
1.4,3.4,32.8,0.193,1562.3,20.4,2,0,0
14.0,20.4,67.6,0.384,943.4,33.5,13,0,1
21.3,36.6,225.0,0.408,2474.2,27.5,11,0,1
0.0,0.3,1.5,0.167,93.5,4.2,0,0,0
0.4,3.0,10.6,0.278,247.5,5.4,0,0,0
1.4,6.7,26.7,0.314,135.4,7.5,0,0,0
0.0,0.1,3.9,0.226,291.5,1.0,0,0,0
10.4,28.9,89.5,0.517,2705.2,45.9,2,0,1
3.7,17.8,73.1,0.214,1885.9,20.2,0,0,0
2.8,10.8,55.0,0.229,648.4,23.6,1,0,0
